-3.14159,-3.14159,-3.14159,0.000600395
-3.14159,-3.14159,-2.64159,0.000600421
-3.14159,-3.14159,-2.14159,0.000600435
-3.14159,-3.14159,-1.64159,0.000600429
-3.14159,-3.14159,-1.14159,0.000600403
-3.14159,-3.14159,-0.641593,0.000600367
-3.14159,-3.14159,-0.141593,0.000600333
-3.14159,-3.14159,0.358407,0.00060031
-3.14159,-3.14159,0.858407,0.000600302
-3.14159,-3.14159,1.35841,0.000600308
-3.14159,-3.14159,1.85841,0.000600325
-3.14159,-3.14159,2.35841,0.000600349
-3.14159,-3.14159,2.85841,0.000600378
-3.14159,-2.64159,-3.14159,1.1276
-3.14159,-2.64159,-2.64159,1.48863
-3.14159,-2.64159,-2.14159,1.12914
-3.14159,-2.64159,-1.64159,0.415916
-3.14159,-2.64159,-1.14159,0.011092
-3.14159,-2.64159,-0.641593,0.246297
-3.14159,-2.64159,-0.141593,0.933096
-3.14159,-2.64159,0.358407,1.45721
-3.14159,-2.64159,0.858407,1.29379
-3.14159,-2.64159,1.35841,0.610365
-3.14159,-2.64159,1.85841,0.0624408
-3.14159,-2.64159,2.35841,0.112708
-3.14159,-2.64159,2.85841,0.721339
-3.14159,-2.14159,-3.14159,1.33768
-3.14159,-2.14159,-2.64159,3.88045
-3.14159,-2.14159,-2.14159,5.26356
-3.14159,-2.14159,-1.64159,3.87576
-3.14159,-2.14159,-1.14159,1.33154
-3.14159,-2.14159,-0.641593,0.0255448
-3.14159,-2.14159,-0.141593,0.771034
-3.14159,-2.14159,0.358407,3.148
-3.14159,-2.14159,0.858407,5.13859
-3.14159,-2.14159,1.35841,4.51046
-3.14159,-2.14159,1.85841,2.01083
-3.14159,-2.14159,2.35841,0.201066
-3.14159,-2.14159,2.85841,0.358938
-3.14159,-1.64159,-3.14159,0.0589968
-3.14159,-1.64159,-2.64159,1.94523
-3.14159,-1.64159,-2.14159,5.80847
-3.14159,-1.64159,-1.64159,7.97859
-3.14159,-1.64159,-1.14159,5.78772
-3.14159,-1.64159,-0.641593,1.91661
-3.14159,-1.64159,-0.141593,0.0306404
-3.14159,-1.64159,0.358407,1.09646
-3.14159,-1.64159,0.858407,4.6595
-3.14159,-1.64159,1.35841,7.77808
-3.14159,-1.64159,1.85841,6.79319
-3.14159,-1.64159,2.35841,2.94726
-3.14159,-1.64159,2.85841,0.298976
-3.14159,-1.14159,-3.14159,0.95376
-3.14159,-1.14159,-2.64159,0.0747018
-3.14159,-1.14159,-2.14159,1.62066
-3.14159,-1.14159,-1.64159,4.69128
-3.14159,-1.14159,-1.14159,6.377
-3.14159,-1.14159,-0.641593,4.65968
-3.14159,-1.14159,-0.141593,1.57467
-3.14159,-1.14159,0.358407,0.0269454
-3.14159,-1.14159,0.858407,0.906655
-3.14159,-1.14159,1.35841,3.76953
-3.14159,-1.14159,1.85841,6.21888
-3.14159,-1.14159,2.35841,5.46013
-3.14159,-1.14159,2.85841,2.42709
-3.14159,-0.641593,-3.14159,1.54881
-3.14159,-0.641593,-2.64159,0.441618
-3.14159,-0.641593,-2.14159,0.0709281
-3.14159,-0.641593,-1.64159,0.711893
-3.14159,-0.641593,-1.14159,1.87053
-3.14159,-0.641593,-0.641593,2.46053
-3.14159,-0.641593,-0.141593,1.84625
-3.14159,-0.641593,0.358407,0.672821
-3.14159,-0.641593,0.858407,0.0271246
-3.14159,-0.641593,1.35841,0.400352
-3.14159,-0.641593,1.85841,1.5192
-3.14159,-0.641593,2.35841,2.40358
-3.14159,-0.641593,2.85841,2.14385
-3.14159,-0.141593,-3.14159,0.167757
-3.14159,-0.141593,-2.64159,0.129144
-3.14159,-0.141593,-2.14159,0.0739634
-3.14159,-0.141593,-1.64159,0.054102
-3.14159,-0.141593,-1.14159,0.0879801
-3.14159,-0.141593,-0.641593,0.144104
-3.14159,-0.141593,-0.141593,0.169339
-3.14159,-0.141593,0.358407,0.138273
-3.14159,-0.141593,0.858407,0.077791
-3.14159,-0.141593,1.35841,0.0420566
-3.14159,-0.141593,1.85841,0.0629656
-3.14159,-0.141593,2.35841,0.121873
-3.14159,-0.141593,2.85841,0.166037
-3.14159,0.358407,-3.14159,0.730319
-3.14159,0.358407,-2.64159,0.804839
-3.14159,0.358407,-2.14159,0.529526
-3.14159,0.358407,-1.64159,0.165034
-3.14159,0.358407,-1.14159,0.0379052
-3.14159,0.358407,-0.641593,0.255933
-3.14159,0.358407,-0.141593,0.63224
-3.14159,0.358407,0.358407,0.823134
-3.14159,0.358407,0.858407,0.647608
-3.14159,0.358407,1.35841,0.281996
-3.14159,0.358407,1.85841,0.0681527
-3.14159,0.358407,2.35841,0.192951
-3.14159,0.358407,2.85841,0.548533
-3.14159,0.858407,-3.14159,1.66458
-3.14159,0.858407,-2.64159,3.59259
-3.14159,0.858407,-2.14159,4.05638
-3.14159,0.858407,-1.64159,2.51153
-3.14159,0.858407,-1.14159,0.6335
-3.14159,0.858407,-0.641593,0.0310589
-3.14159,0.858407,-0.141593,1.08153
-3.14159,0.858407,0.358407,3.07761
-3.14159,0.858407,0.858407,4.15647
-3.14159,0.858407,1.35841,3.11222
-3.14159,0.858407,1.85841,1.13437
-3.14159,0.858407,2.35841,0.088076
-3.14159,0.858407,2.85841,0.688463
-3.14159,1.35841,-3.14159,0.315758
-3.14159,1.35841,-2.64159,2.84819
-3.14159,1.35841,-2.14159,6.4959
-3.14159,1.35841,-1.64159,7.41838
-3.14159,1.35841,-1.14159,4.45393
-3.14159,1.35841,-0.641593,1.05394
-3.14159,1.35841,-0.141593,0.0308576
-3.14159,1.35841,0.358407,1.83887
-3.14159,1.35841,0.858407,5.52663
-3.14159,1.35841,1.35841,7.61103
-3.14159,1.35841,1.85841,5.56471
-3.14159,1.35841,2.35841,1.89251
-3.14159,1.35841,2.85841,0.0850331
-3.14159,1.85841,-3.14159,0.486413
-3.14159,1.85841,-2.64159,0.27945
-3.14159,1.85841,-2.14159,2.70106
-3.14159,1.85841,-1.64159,6.17199
-3.14159,1.85841,-1.14159,7.05377
-3.14159,1.85841,-0.641593,4.24757
-3.14159,1.85841,-0.141593,1.00843
-3.14159,1.85841,0.358407,0.0279045
-3.14159,1.85841,0.858407,1.75851
-3.14159,1.85841,1.35841,5.26498
-3.14159,1.85841,1.85841,7.23399
-3.14159,1.85841,2.35841,5.287
-3.14159,1.85841,2.85841,1.78888
-3.14159,2.35841,-3.14159,1.63524
-3.14159,2.35841,-2.64159,0.252474
-3.14159,2.35841,-2.14159,0.142447
-3.14159,2.35841,-1.64159,1.37661
-3.14159,2.35841,-1.14159,3.01035
-3.14159,2.35841,-0.641593,3.411
-3.14159,2.35841,-0.141593,2.12598
-3.14159,2.35841,0.358407,0.534864
-3.14159,2.35841,0.858407,0.0170751
-3.14159,2.35841,1.35841,0.917323
-3.14159,2.35841,1.85841,2.59975
-3.14159,2.35841,2.35841,3.49082
-3.14159,2.35841,2.85841,2.60453
-3.14159,2.85841,-3.14159,0.443525
-3.14159,2.85841,-2.64159,0.239063
-3.14159,2.85841,-2.14159,0.0380238
-3.14159,2.85841,-1.64159,0.0210403
-3.14159,2.85841,-1.14159,0.202987
-3.14159,2.85841,-0.641593,0.421377
-3.14159,2.85841,-0.141593,0.472453
-3.14159,2.85841,0.358407,0.307489
-3.14159,2.85841,0.858407,0.0832969
-3.14159,2.85841,1.35841,0.00412513
-3.14159,2.85841,1.85841,0.139584
-3.14159,2.85841,2.35841,0.369761
-3.14159,2.85841,2.85841,0.482167
-2.64159,-3.14159,-3.14159,0.000600395
-2.64159,-3.14159,-2.64159,0.000600421
-2.64159,-3.14159,-2.14159,0.000600435
-2.64159,-3.14159,-1.64159,0.000600429
-2.64159,-3.14159,-1.14159,0.000600403
-2.64159,-3.14159,-0.641593,0.000600367
-2.64159,-3.14159,-0.141593,0.000600333
-2.64159,-3.14159,0.358407,0.00060031
-2.64159,-3.14159,0.858407,0.000600302
-2.64159,-3.14159,1.35841,0.000600308
-2.64159,-3.14159,1.85841,0.000600325
-2.64159,-3.14159,2.35841,0.000600349
-2.64159,-3.14159,2.85841,0.000600378
-2.64159,-2.64159,-3.14159,1.1276
-2.64159,-2.64159,-2.64159,1.48863
-2.64159,-2.64159,-2.14159,1.12914
-2.64159,-2.64159,-1.64159,0.415916
-2.64159,-2.64159,-1.14159,0.011092
-2.64159,-2.64159,-0.641593,0.246297
-2.64159,-2.64159,-0.141593,0.933096
-2.64159,-2.64159,0.358407,1.45721
-2.64159,-2.64159,0.858407,1.29379
-2.64159,-2.64159,1.35841,0.610365
-2.64159,-2.64159,1.85841,0.0624408
-2.64159,-2.64159,2.35841,0.112708
-2.64159,-2.64159,2.85841,0.721339
-2.64159,-2.14159,-3.14159,1.33768
-2.64159,-2.14159,-2.64159,3.88045
-2.64159,-2.14159,-2.14159,5.26356
-2.64159,-2.14159,-1.64159,3.87576
-2.64159,-2.14159,-1.14159,1.33154
-2.64159,-2.14159,-0.641593,0.0255448
-2.64159,-2.14159,-0.141593,0.771034
-2.64159,-2.14159,0.358407,3.148
-2.64159,-2.14159,0.858407,5.13859
-2.64159,-2.14159,1.35841,4.51046
-2.64159,-2.14159,1.85841,2.01083
-2.64159,-2.14159,2.35841,0.201066
-2.64159,-2.14159,2.85841,0.358938
-2.64159,-1.64159,-3.14159,0.0589968
-2.64159,-1.64159,-2.64159,1.94523
-2.64159,-1.64159,-2.14159,5.80847
-2.64159,-1.64159,-1.64159,7.97859
-2.64159,-1.64159,-1.14159,5.78772
-2.64159,-1.64159,-0.641593,1.91661
-2.64159,-1.64159,-0.141593,0.0306404
-2.64159,-1.64159,0.358407,1.09646
-2.64159,-1.64159,0.858407,4.6595
-2.64159,-1.64159,1.35841,7.77808
-2.64159,-1.64159,1.85841,6.79319
-2.64159,-1.64159,2.35841,2.94726
-2.64159,-1.64159,2.85841,0.298976
-2.64159,-1.14159,-3.14159,0.95376
-2.64159,-1.14159,-2.64159,0.0747018
-2.64159,-1.14159,-2.14159,1.62066
-2.64159,-1.14159,-1.64159,4.69128
-2.64159,-1.14159,-1.14159,6.377
-2.64159,-1.14159,-0.641593,4.65968
-2.64159,-1.14159,-0.141593,1.57467
-2.64159,-1.14159,0.358407,0.0269454
-2.64159,-1.14159,0.858407,0.906655
-2.64159,-1.14159,1.35841,3.76953
-2.64159,-1.14159,1.85841,6.21888
-2.64159,-1.14159,2.35841,5.46013
-2.64159,-1.14159,2.85841,2.42709
-2.64159,-0.641593,-3.14159,1.54881
-2.64159,-0.641593,-2.64159,0.441618
-2.64159,-0.641593,-2.14159,0.0709281
-2.64159,-0.641593,-1.64159,0.711893
-2.64159,-0.641593,-1.14159,1.87053
-2.64159,-0.641593,-0.641593,2.46053
-2.64159,-0.641593,-0.141593,1.84625
-2.64159,-0.641593,0.358407,0.672821
-2.64159,-0.641593,0.858407,0.0271246
-2.64159,-0.641593,1.35841,0.400352
-2.64159,-0.641593,1.85841,1.5192
-2.64159,-0.641593,2.35841,2.40358
-2.64159,-0.641593,2.85841,2.14385
-2.64159,-0.141593,-3.14159,0.167757
-2.64159,-0.141593,-2.64159,0.129144
-2.64159,-0.141593,-2.14159,0.0739634
-2.64159,-0.141593,-1.64159,0.054102
-2.64159,-0.141593,-1.14159,0.0879801
-2.64159,-0.141593,-0.641593,0.144104
-2.64159,-0.141593,-0.141593,0.169339
-2.64159,-0.141593,0.358407,0.138273
-2.64159,-0.141593,0.858407,0.077791
-2.64159,-0.141593,1.35841,0.0420566
-2.64159,-0.141593,1.85841,0.0629656
-2.64159,-0.141593,2.35841,0.121873
-2.64159,-0.141593,2.85841,0.166037
-2.64159,0.358407,-3.14159,0.730319
-2.64159,0.358407,-2.64159,0.804839
-2.64159,0.358407,-2.14159,0.529526
-2.64159,0.358407,-1.64159,0.165034
-2.64159,0.358407,-1.14159,0.0379052
-2.64159,0.358407,-0.641593,0.255933
-2.64159,0.358407,-0.141593,0.63224
-2.64159,0.358407,0.358407,0.823134
-2.64159,0.358407,0.858407,0.647608
-2.64159,0.358407,1.35841,0.281996
-2.64159,0.358407,1.85841,0.0681527
-2.64159,0.358407,2.35841,0.192951
-2.64159,0.358407,2.85841,0.548533
-2.64159,0.858407,-3.14159,1.66458
-2.64159,0.858407,-2.64159,3.59259
-2.64159,0.858407,-2.14159,4.05638
-2.64159,0.858407,-1.64159,2.51153
-2.64159,0.858407,-1.14159,0.6335
-2.64159,0.858407,-0.641593,0.0310589
-2.64159,0.858407,-0.141593,1.08153
-2.64159,0.858407,0.358407,3.07761
-2.64159,0.858407,0.858407,4.15647
-2.64159,0.858407,1.35841,3.11222
-2.64159,0.858407,1.85841,1.13437
-2.64159,0.858407,2.35841,0.088076
-2.64159,0.858407,2.85841,0.688463
-2.64159,1.35841,-3.14159,0.315758
-2.64159,1.35841,-2.64159,2.84819
-2.64159,1.35841,-2.14159,6.4959
-2.64159,1.35841,-1.64159,7.41838
-2.64159,1.35841,-1.14159,4.45393
-2.64159,1.35841,-0.641593,1.05394
-2.64159,1.35841,-0.141593,0.0308576
-2.64159,1.35841,0.358407,1.83887
-2.64159,1.35841,0.858407,5.52663
-2.64159,1.35841,1.35841,7.61103
-2.64159,1.35841,1.85841,5.56471
-2.64159,1.35841,2.35841,1.89251
-2.64159,1.35841,2.85841,0.0850331
-2.64159,1.85841,-3.14159,0.486413
-2.64159,1.85841,-2.64159,0.27945
-2.64159,1.85841,-2.14159,2.70106
-2.64159,1.85841,-1.64159,6.17199
-2.64159,1.85841,-1.14159,7.05377
-2.64159,1.85841,-0.641593,4.24757
-2.64159,1.85841,-0.141593,1.00843
-2.64159,1.85841,0.358407,0.0279045
-2.64159,1.85841,0.858407,1.75851
-2.64159,1.85841,1.35841,5.26498
-2.64159,1.85841,1.85841,7.23399
-2.64159,1.85841,2.35841,5.287
-2.64159,1.85841,2.85841,1.78888
-2.64159,2.35841,-3.14159,1.63524
-2.64159,2.35841,-2.64159,0.252474
-2.64159,2.35841,-2.14159,0.142447
-2.64159,2.35841,-1.64159,1.37661
-2.64159,2.35841,-1.14159,3.01035
-2.64159,2.35841,-0.641593,3.411
-2.64159,2.35841,-0.141593,2.12598
-2.64159,2.35841,0.358407,0.534864
-2.64159,2.35841,0.858407,0.0170751
-2.64159,2.35841,1.35841,0.917323
-2.64159,2.35841,1.85841,2.59975
-2.64159,2.35841,2.35841,3.49082
-2.64159,2.35841,2.85841,2.60453
-2.64159,2.85841,-3.14159,0.443525
-2.64159,2.85841,-2.64159,0.239063
-2.64159,2.85841,-2.14159,0.0380238
-2.64159,2.85841,-1.64159,0.0210403
-2.64159,2.85841,-1.14159,0.202987
-2.64159,2.85841,-0.641593,0.421377
-2.64159,2.85841,-0.141593,0.472453
-2.64159,2.85841,0.358407,0.307489
-2.64159,2.85841,0.858407,0.0832969
-2.64159,2.85841,1.35841,0.00412513
-2.64159,2.85841,1.85841,0.139584
-2.64159,2.85841,2.35841,0.369761
-2.64159,2.85841,2.85841,0.482167
-2.14159,-3.14159,-3.14159,0.000600395
-2.14159,-3.14159,-2.64159,0.000600421
-2.14159,-3.14159,-2.14159,0.000600435
-2.14159,-3.14159,-1.64159,0.000600429
-2.14159,-3.14159,-1.14159,0.000600403
-2.14159,-3.14159,-0.641593,0.000600367
-2.14159,-3.14159,-0.141593,0.000600333
-2.14159,-3.14159,0.358407,0.00060031
-2.14159,-3.14159,0.858407,0.000600302
-2.14159,-3.14159,1.35841,0.000600308
-2.14159,-3.14159,1.85841,0.000600325
-2.14159,-3.14159,2.35841,0.000600349
-2.14159,-3.14159,2.85841,0.000600378
-2.14159,-2.64159,-3.14159,1.1276
-2.14159,-2.64159,-2.64159,1.48863
-2.14159,-2.64159,-2.14159,1.12914
-2.14159,-2.64159,-1.64159,0.415916
-2.14159,-2.64159,-1.14159,0.011092
-2.14159,-2.64159,-0.641593,0.246297
-2.14159,-2.64159,-0.141593,0.933096
-2.14159,-2.64159,0.358407,1.45721
-2.14159,-2.64159,0.858407,1.29379
-2.14159,-2.64159,1.35841,0.610365
-2.14159,-2.64159,1.85841,0.0624408
-2.14159,-2.64159,2.35841,0.112708
-2.14159,-2.64159,2.85841,0.721339
-2.14159,-2.14159,-3.14159,1.33768
-2.14159,-2.14159,-2.64159,3.88045
-2.14159,-2.14159,-2.14159,5.26356
-2.14159,-2.14159,-1.64159,3.87576
-2.14159,-2.14159,-1.14159,1.33154
-2.14159,-2.14159,-0.641593,0.0255448
-2.14159,-2.14159,-0.141593,0.771034
-2.14159,-2.14159,0.358407,3.148
-2.14159,-2.14159,0.858407,5.13859
-2.14159,-2.14159,1.35841,4.51046
-2.14159,-2.14159,1.85841,2.01083
-2.14159,-2.14159,2.35841,0.201066
-2.14159,-2.14159,2.85841,0.358938
-2.14159,-1.64159,-3.14159,0.0589968
-2.14159,-1.64159,-2.64159,1.94523
-2.14159,-1.64159,-2.14159,5.80847
-2.14159,-1.64159,-1.64159,7.97859
-2.14159,-1.64159,-1.14159,5.78772
-2.14159,-1.64159,-0.641593,1.91661
-2.14159,-1.64159,-0.141593,0.0306404
-2.14159,-1.64159,0.358407,1.09646
-2.14159,-1.64159,0.858407,4.6595
-2.14159,-1.64159,1.35841,7.77808
-2.14159,-1.64159,1.85841,6.79319
-2.14159,-1.64159,2.35841,2.94726
-2.14159,-1.64159,2.85841,0.298976
-2.14159,-1.14159,-3.14159,0.95376
-2.14159,-1.14159,-2.64159,0.0747018
-2.14159,-1.14159,-2.14159,1.62066
-2.14159,-1.14159,-1.64159,4.69128
-2.14159,-1.14159,-1.14159,6.377
-2.14159,-1.14159,-0.641593,4.65968
-2.14159,-1.14159,-0.141593,1.57467
-2.14159,-1.14159,0.358407,0.0269454
-2.14159,-1.14159,0.858407,0.906655
-2.14159,-1.14159,1.35841,3.76953
-2.14159,-1.14159,1.85841,6.21888
-2.14159,-1.14159,2.35841,5.46013
-2.14159,-1.14159,2.85841,2.42709
-2.14159,-0.641593,-3.14159,1.54881
-2.14159,-0.641593,-2.64159,0.441618
-2.14159,-0.641593,-2.14159,0.0709281
-2.14159,-0.641593,-1.64159,0.711893
-2.14159,-0.641593,-1.14159,1.87053
-2.14159,-0.641593,-0.641593,2.46053
-2.14159,-0.641593,-0.141593,1.84625
-2.14159,-0.641593,0.358407,0.672821
-2.14159,-0.641593,0.858407,0.0271246
-2.14159,-0.641593,1.35841,0.400352
-2.14159,-0.641593,1.85841,1.5192
-2.14159,-0.641593,2.35841,2.40358
-2.14159,-0.641593,2.85841,2.14385
-2.14159,-0.141593,-3.14159,0.167757
-2.14159,-0.141593,-2.64159,0.129144
-2.14159,-0.141593,-2.14159,0.0739634
-2.14159,-0.141593,-1.64159,0.054102
-2.14159,-0.141593,-1.14159,0.0879801
-2.14159,-0.141593,-0.641593,0.144104
-2.14159,-0.141593,-0.141593,0.169339
-2.14159,-0.141593,0.358407,0.138273
-2.14159,-0.141593,0.858407,0.077791
-2.14159,-0.141593,1.35841,0.0420566
-2.14159,-0.141593,1.85841,0.0629656
-2.14159,-0.141593,2.35841,0.121873
-2.14159,-0.141593,2.85841,0.166037
-2.14159,0.358407,-3.14159,0.730319
-2.14159,0.358407,-2.64159,0.804839
-2.14159,0.358407,-2.14159,0.529526
-2.14159,0.358407,-1.64159,0.165034
-2.14159,0.358407,-1.14159,0.0379052
-2.14159,0.358407,-0.641593,0.255933
-2.14159,0.358407,-0.141593,0.63224
-2.14159,0.358407,0.358407,0.823134
-2.14159,0.358407,0.858407,0.647608
-2.14159,0.358407,1.35841,0.281996
-2.14159,0.358407,1.85841,0.0681527
-2.14159,0.358407,2.35841,0.192951
-2.14159,0.358407,2.85841,0.548533
-2.14159,0.858407,-3.14159,1.66458
-2.14159,0.858407,-2.64159,3.59259
-2.14159,0.858407,-2.14159,4.05638
-2.14159,0.858407,-1.64159,2.51153
-2.14159,0.858407,-1.14159,0.6335
-2.14159,0.858407,-0.641593,0.0310589
-2.14159,0.858407,-0.141593,1.08153
-2.14159,0.858407,0.358407,3.07761
-2.14159,0.858407,0.858407,4.15647
-2.14159,0.858407,1.35841,3.11222
-2.14159,0.858407,1.85841,1.13437
-2.14159,0.858407,2.35841,0.088076
-2.14159,0.858407,2.85841,0.688463
-2.14159,1.35841,-3.14159,0.315758
-2.14159,1.35841,-2.64159,2.84819
-2.14159,1.35841,-2.14159,6.4959
-2.14159,1.35841,-1.64159,7.41838
-2.14159,1.35841,-1.14159,4.45393
-2.14159,1.35841,-0.641593,1.05394
-2.14159,1.35841,-0.141593,0.0308576
-2.14159,1.35841,0.358407,1.83887
-2.14159,1.35841,0.858407,5.52663
-2.14159,1.35841,1.35841,7.61103
-2.14159,1.35841,1.85841,5.56471
-2.14159,1.35841,2.35841,1.89251
-2.14159,1.35841,2.85841,0.0850331
-2.14159,1.85841,-3.14159,0.486413
-2.14159,1.85841,-2.64159,0.27945
-2.14159,1.85841,-2.14159,2.70106
-2.14159,1.85841,-1.64159,6.17199
-2.14159,1.85841,-1.14159,7.05377
-2.14159,1.85841,-0.641593,4.24757
-2.14159,1.85841,-0.141593,1.00843
-2.14159,1.85841,0.358407,0.0279045
-2.14159,1.85841,0.858407,1.75851
-2.14159,1.85841,1.35841,5.26498
-2.14159,1.85841,1.85841,7.23399
-2.14159,1.85841,2.35841,5.287
-2.14159,1.85841,2.85841,1.78888
-2.14159,2.35841,-3.14159,1.63524
-2.14159,2.35841,-2.64159,0.252474
-2.14159,2.35841,-2.14159,0.142447
-2.14159,2.35841,-1.64159,1.37661
-2.14159,2.35841,-1.14159,3.01035
-2.14159,2.35841,-0.641593,3.411
-2.14159,2.35841,-0.141593,2.12598
-2.14159,2.35841,0.358407,0.534864
-2.14159,2.35841,0.858407,0.0170751
-2.14159,2.35841,1.35841,0.917323
-2.14159,2.35841,1.85841,2.59975
-2.14159,2.35841,2.35841,3.49082
-2.14159,2.35841,2.85841,2.60453
-2.14159,2.85841,-3.14159,0.443525
-2.14159,2.85841,-2.64159,0.239063
-2.14159,2.85841,-2.14159,0.0380238
-2.14159,2.85841,-1.64159,0.0210403
-2.14159,2.85841,-1.14159,0.202987
-2.14159,2.85841,-0.641593,0.421377
-2.14159,2.85841,-0.141593,0.472453
-2.14159,2.85841,0.358407,0.307489
-2.14159,2.85841,0.858407,0.0832969
-2.14159,2.85841,1.35841,0.00412513
-2.14159,2.85841,1.85841,0.139584
-2.14159,2.85841,2.35841,0.369761
-2.14159,2.85841,2.85841,0.482167
-1.64159,-3.14159,-3.14159,0.000600395
-1.64159,-3.14159,-2.64159,0.000600421
-1.64159,-3.14159,-2.14159,0.000600435
-1.64159,-3.14159,-1.64159,0.000600429
-1.64159,-3.14159,-1.14159,0.000600403
-1.64159,-3.14159,-0.641593,0.000600367
-1.64159,-3.14159,-0.141593,0.000600333
-1.64159,-3.14159,0.358407,0.00060031
-1.64159,-3.14159,0.858407,0.000600302
-1.64159,-3.14159,1.35841,0.000600308
-1.64159,-3.14159,1.85841,0.000600325
-1.64159,-3.14159,2.35841,0.000600349
-1.64159,-3.14159,2.85841,0.000600378
-1.64159,-2.64159,-3.14159,1.1276
-1.64159,-2.64159,-2.64159,1.48863
-1.64159,-2.64159,-2.14159,1.12914
-1.64159,-2.64159,-1.64159,0.415916
-1.64159,-2.64159,-1.14159,0.011092
-1.64159,-2.64159,-0.641593,0.246297
-1.64159,-2.64159,-0.141593,0.933096
-1.64159,-2.64159,0.358407,1.45721
-1.64159,-2.64159,0.858407,1.29379
-1.64159,-2.64159,1.35841,0.610365
-1.64159,-2.64159,1.85841,0.0624408
-1.64159,-2.64159,2.35841,0.112708
-1.64159,-2.64159,2.85841,0.721339
-1.64159,-2.14159,-3.14159,1.33768
-1.64159,-2.14159,-2.64159,3.88045
-1.64159,-2.14159,-2.14159,5.26356
-1.64159,-2.14159,-1.64159,3.87576
-1.64159,-2.14159,-1.14159,1.33154
-1.64159,-2.14159,-0.641593,0.0255448
-1.64159,-2.14159,-0.141593,0.771034
-1.64159,-2.14159,0.358407,3.148
-1.64159,-2.14159,0.858407,5.13859
-1.64159,-2.14159,1.35841,4.51046
-1.64159,-2.14159,1.85841,2.01083
-1.64159,-2.14159,2.35841,0.201066
-1.64159,-2.14159,2.85841,0.358938
-1.64159,-1.64159,-3.14159,0.0589968
-1.64159,-1.64159,-2.64159,1.94523
-1.64159,-1.64159,-2.14159,5.80847
-1.64159,-1.64159,-1.64159,7.97859
-1.64159,-1.64159,-1.14159,5.78772
-1.64159,-1.64159,-0.641593,1.91661
-1.64159,-1.64159,-0.141593,0.0306404
-1.64159,-1.64159,0.358407,1.09646
-1.64159,-1.64159,0.858407,4.6595
-1.64159,-1.64159,1.35841,7.77808
-1.64159,-1.64159,1.85841,6.79319
-1.64159,-1.64159,2.35841,2.94726
-1.64159,-1.64159,2.85841,0.298976
-1.64159,-1.14159,-3.14159,0.95376
-1.64159,-1.14159,-2.64159,0.0747018
-1.64159,-1.14159,-2.14159,1.62066
-1.64159,-1.14159,-1.64159,4.69128
-1.64159,-1.14159,-1.14159,6.377
-1.64159,-1.14159,-0.641593,4.65968
-1.64159,-1.14159,-0.141593,1.57467
-1.64159,-1.14159,0.358407,0.0269454
-1.64159,-1.14159,0.858407,0.906655
-1.64159,-1.14159,1.35841,3.76953
-1.64159,-1.14159,1.85841,6.21888
-1.64159,-1.14159,2.35841,5.46013
-1.64159,-1.14159,2.85841,2.42709
-1.64159,-0.641593,-3.14159,1.54881
-1.64159,-0.641593,-2.64159,0.441618
-1.64159,-0.641593,-2.14159,0.0709281
-1.64159,-0.641593,-1.64159,0.711893
-1.64159,-0.641593,-1.14159,1.87053
-1.64159,-0.641593,-0.641593,2.46053
-1.64159,-0.641593,-0.141593,1.84625
-1.64159,-0.641593,0.358407,0.672821
-1.64159,-0.641593,0.858407,0.0271246
-1.64159,-0.641593,1.35841,0.400352
-1.64159,-0.641593,1.85841,1.5192
-1.64159,-0.641593,2.35841,2.40358
-1.64159,-0.641593,2.85841,2.14385
-1.64159,-0.141593,-3.14159,0.167757
-1.64159,-0.141593,-2.64159,0.129144
-1.64159,-0.141593,-2.14159,0.0739634
-1.64159,-0.141593,-1.64159,0.054102
-1.64159,-0.141593,-1.14159,0.0879801
-1.64159,-0.141593,-0.641593,0.144104
-1.64159,-0.141593,-0.141593,0.169339
-1.64159,-0.141593,0.358407,0.138273
-1.64159,-0.141593,0.858407,0.077791
-1.64159,-0.141593,1.35841,0.0420566
-1.64159,-0.141593,1.85841,0.0629656
-1.64159,-0.141593,2.35841,0.121873
-1.64159,-0.141593,2.85841,0.166037
-1.64159,0.358407,-3.14159,0.730319
-1.64159,0.358407,-2.64159,0.804839
-1.64159,0.358407,-2.14159,0.529526
-1.64159,0.358407,-1.64159,0.165034
-1.64159,0.358407,-1.14159,0.0379052
-1.64159,0.358407,-0.641593,0.255933
-1.64159,0.358407,-0.141593,0.63224
-1.64159,0.358407,0.358407,0.823134
-1.64159,0.358407,0.858407,0.647608
-1.64159,0.358407,1.35841,0.281996
-1.64159,0.358407,1.85841,0.0681527
-1.64159,0.358407,2.35841,0.192951
-1.64159,0.358407,2.85841,0.548533
-1.64159,0.858407,-3.14159,1.66458
-1.64159,0.858407,-2.64159,3.59259
-1.64159,0.858407,-2.14159,4.05638
-1.64159,0.858407,-1.64159,2.51153
-1.64159,0.858407,-1.14159,0.6335
-1.64159,0.858407,-0.641593,0.0310589
-1.64159,0.858407,-0.141593,1.08153
-1.64159,0.858407,0.358407,3.07761
-1.64159,0.858407,0.858407,4.15647
-1.64159,0.858407,1.35841,3.11222
-1.64159,0.858407,1.85841,1.13437
-1.64159,0.858407,2.35841,0.088076
-1.64159,0.858407,2.85841,0.688463
-1.64159,1.35841,-3.14159,0.315758
-1.64159,1.35841,-2.64159,2.84819
-1.64159,1.35841,-2.14159,6.4959
-1.64159,1.35841,-1.64159,7.41838
-1.64159,1.35841,-1.14159,4.45393
-1.64159,1.35841,-0.641593,1.05394
-1.64159,1.35841,-0.141593,0.0308576
-1.64159,1.35841,0.358407,1.83887
-1.64159,1.35841,0.858407,5.52663
-1.64159,1.35841,1.35841,7.61103
-1.64159,1.35841,1.85841,5.56471
-1.64159,1.35841,2.35841,1.89251
-1.64159,1.35841,2.85841,0.0850331
-1.64159,1.85841,-3.14159,0.486413
-1.64159,1.85841,-2.64159,0.27945
-1.64159,1.85841,-2.14159,2.70106
-1.64159,1.85841,-1.64159,6.17199
-1.64159,1.85841,-1.14159,7.05377
-1.64159,1.85841,-0.641593,4.24757
-1.64159,1.85841,-0.141593,1.00843
-1.64159,1.85841,0.358407,0.0279045
-1.64159,1.85841,0.858407,1.75851
-1.64159,1.85841,1.35841,5.26498
-1.64159,1.85841,1.85841,7.23399
-1.64159,1.85841,2.35841,5.287
-1.64159,1.85841,2.85841,1.78888
-1.64159,2.35841,-3.14159,1.63524
-1.64159,2.35841,-2.64159,0.252474
-1.64159,2.35841,-2.14159,0.142447
-1.64159,2.35841,-1.64159,1.37661
-1.64159,2.35841,-1.14159,3.01035
-1.64159,2.35841,-0.641593,3.411
-1.64159,2.35841,-0.141593,2.12598
-1.64159,2.35841,0.358407,0.534864
-1.64159,2.35841,0.858407,0.0170751
-1.64159,2.35841,1.35841,0.917323
-1.64159,2.35841,1.85841,2.59975
-1.64159,2.35841,2.35841,3.49082
-1.64159,2.35841,2.85841,2.60453
-1.64159,2.85841,-3.14159,0.443525
-1.64159,2.85841,-2.64159,0.239063
-1.64159,2.85841,-2.14159,0.0380238
-1.64159,2.85841,-1.64159,0.0210403
-1.64159,2.85841,-1.14159,0.202987
-1.64159,2.85841,-0.641593,0.421377
-1.64159,2.85841,-0.141593,0.472453
-1.64159,2.85841,0.358407,0.307489
-1.64159,2.85841,0.858407,0.0832969
-1.64159,2.85841,1.35841,0.00412513
-1.64159,2.85841,1.85841,0.139584
-1.64159,2.85841,2.35841,0.369761
-1.64159,2.85841,2.85841,0.482167
-1.14159,-3.14159,-3.14159,0.000600395
-1.14159,-3.14159,-2.64159,0.000600421
-1.14159,-3.14159,-2.14159,0.000600435
-1.14159,-3.14159,-1.64159,0.000600429
-1.14159,-3.14159,-1.14159,0.000600403
-1.14159,-3.14159,-0.641593,0.000600367
-1.14159,-3.14159,-0.141593,0.000600333
-1.14159,-3.14159,0.358407,0.00060031
-1.14159,-3.14159,0.858407,0.000600302
-1.14159,-3.14159,1.35841,0.000600308
-1.14159,-3.14159,1.85841,0.000600325
-1.14159,-3.14159,2.35841,0.000600349
-1.14159,-3.14159,2.85841,0.000600378
-1.14159,-2.64159,-3.14159,1.1276
-1.14159,-2.64159,-2.64159,1.48863
-1.14159,-2.64159,-2.14159,1.12914
-1.14159,-2.64159,-1.64159,0.415916
-1.14159,-2.64159,-1.14159,0.011092
-1.14159,-2.64159,-0.641593,0.246297
-1.14159,-2.64159,-0.141593,0.933096
-1.14159,-2.64159,0.358407,1.45721
-1.14159,-2.64159,0.858407,1.29379
-1.14159,-2.64159,1.35841,0.610365
-1.14159,-2.64159,1.85841,0.0624408
-1.14159,-2.64159,2.35841,0.112708
-1.14159,-2.64159,2.85841,0.721339
-1.14159,-2.14159,-3.14159,1.33768
-1.14159,-2.14159,-2.64159,3.88045
-1.14159,-2.14159,-2.14159,5.26356
-1.14159,-2.14159,-1.64159,3.87576
-1.14159,-2.14159,-1.14159,1.33154
-1.14159,-2.14159,-0.641593,0.0255448
-1.14159,-2.14159,-0.141593,0.771034
-1.14159,-2.14159,0.358407,3.148
-1.14159,-2.14159,0.858407,5.13859
-1.14159,-2.14159,1.35841,4.51046
-1.14159,-2.14159,1.85841,2.01083
-1.14159,-2.14159,2.35841,0.201066
-1.14159,-2.14159,2.85841,0.358938
-1.14159,-1.64159,-3.14159,0.0589968
-1.14159,-1.64159,-2.64159,1.94523
-1.14159,-1.64159,-2.14159,5.80847
-1.14159,-1.64159,-1.64159,7.97859
-1.14159,-1.64159,-1.14159,5.78772
-1.14159,-1.64159,-0.641593,1.91661
-1.14159,-1.64159,-0.141593,0.0306404
-1.14159,-1.64159,0.358407,1.09646
-1.14159,-1.64159,0.858407,4.6595
-1.14159,-1.64159,1.35841,7.77808
-1.14159,-1.64159,1.85841,6.79319
-1.14159,-1.64159,2.35841,2.94726
-1.14159,-1.64159,2.85841,0.298976
-1.14159,-1.14159,-3.14159,0.95376
-1.14159,-1.14159,-2.64159,0.0747018
-1.14159,-1.14159,-2.14159,1.62066
-1.14159,-1.14159,-1.64159,4.69128
-1.14159,-1.14159,-1.14159,6.377
-1.14159,-1.14159,-0.641593,4.65968
-1.14159,-1.14159,-0.141593,1.57467
-1.14159,-1.14159,0.358407,0.0269454
-1.14159,-1.14159,0.858407,0.906655
-1.14159,-1.14159,1.35841,3.76953
-1.14159,-1.14159,1.85841,6.21888
-1.14159,-1.14159,2.35841,5.46013
-1.14159,-1.14159,2.85841,2.42709
-1.14159,-0.641593,-3.14159,1.54881
-1.14159,-0.641593,-2.64159,0.441618
-1.14159,-0.641593,-2.14159,0.0709281
-1.14159,-0.641593,-1.64159,0.711893
-1.14159,-0.641593,-1.14159,1.87053
-1.14159,-0.641593,-0.641593,2.46053
-1.14159,-0.641593,-0.141593,1.84625
-1.14159,-0.641593,0.358407,0.672821
-1.14159,-0.641593,0.858407,0.0271246
-1.14159,-0.641593,1.35841,0.400352
-1.14159,-0.641593,1.85841,1.5192
-1.14159,-0.641593,2.35841,2.40358
-1.14159,-0.641593,2.85841,2.14385
-1.14159,-0.141593,-3.14159,0.167757
-1.14159,-0.141593,-2.64159,0.129144
-1.14159,-0.141593,-2.14159,0.0739634
-1.14159,-0.141593,-1.64159,0.054102
-1.14159,-0.141593,-1.14159,0.0879801
-1.14159,-0.141593,-0.641593,0.144104
-1.14159,-0.141593,-0.141593,0.169339
-1.14159,-0.141593,0.358407,0.138273
-1.14159,-0.141593,0.858407,0.077791
-1.14159,-0.141593,1.35841,0.0420566
-1.14159,-0.141593,1.85841,0.0629656
-1.14159,-0.141593,2.35841,0.121873
-1.14159,-0.141593,2.85841,0.166037
-1.14159,0.358407,-3.14159,0.730319
-1.14159,0.358407,-2.64159,0.804839
-1.14159,0.358407,-2.14159,0.529526
-1.14159,0.358407,-1.64159,0.165034
-1.14159,0.358407,-1.14159,0.0379052
-1.14159,0.358407,-0.641593,0.255933
-1.14159,0.358407,-0.141593,0.63224
-1.14159,0.358407,0.358407,0.823134
-1.14159,0.358407,0.858407,0.647608
-1.14159,0.358407,1.35841,0.281996
-1.14159,0.358407,1.85841,0.0681527
-1.14159,0.358407,2.35841,0.192951
-1.14159,0.358407,2.85841,0.548533
-1.14159,0.858407,-3.14159,1.66458
-1.14159,0.858407,-2.64159,3.59259
-1.14159,0.858407,-2.14159,4.05638
-1.14159,0.858407,-1.64159,2.51153
-1.14159,0.858407,-1.14159,0.6335
-1.14159,0.858407,-0.641593,0.0310589
-1.14159,0.858407,-0.141593,1.08153
-1.14159,0.858407,0.358407,3.07761
-1.14159,0.858407,0.858407,4.15647
-1.14159,0.858407,1.35841,3.11222
-1.14159,0.858407,1.85841,1.13437
-1.14159,0.858407,2.35841,0.088076
-1.14159,0.858407,2.85841,0.688463
-1.14159,1.35841,-3.14159,0.315758
-1.14159,1.35841,-2.64159,2.84819
-1.14159,1.35841,-2.14159,6.4959
-1.14159,1.35841,-1.64159,7.41838
-1.14159,1.35841,-1.14159,4.45393
-1.14159,1.35841,-0.641593,1.05394
-1.14159,1.35841,-0.141593,0.0308576
-1.14159,1.35841,0.358407,1.83887
-1.14159,1.35841,0.858407,5.52663
-1.14159,1.35841,1.35841,7.61103
-1.14159,1.35841,1.85841,5.56471
-1.14159,1.35841,2.35841,1.89251
-1.14159,1.35841,2.85841,0.0850331
-1.14159,1.85841,-3.14159,0.486413
-1.14159,1.85841,-2.64159,0.27945
-1.14159,1.85841,-2.14159,2.70106
-1.14159,1.85841,-1.64159,6.17199
-1.14159,1.85841,-1.14159,7.05377
-1.14159,1.85841,-0.641593,4.24757
-1.14159,1.85841,-0.141593,1.00843
-1.14159,1.85841,0.358407,0.0279045
-1.14159,1.85841,0.858407,1.75851
-1.14159,1.85841,1.35841,5.26498
-1.14159,1.85841,1.85841,7.23399
-1.14159,1.85841,2.35841,5.287
-1.14159,1.85841,2.85841,1.78888
-1.14159,2.35841,-3.14159,1.63524
-1.14159,2.35841,-2.64159,0.252474
-1.14159,2.35841,-2.14159,0.142447
-1.14159,2.35841,-1.64159,1.37661
-1.14159,2.35841,-1.14159,3.01035
-1.14159,2.35841,-0.641593,3.411
-1.14159,2.35841,-0.141593,2.12598
-1.14159,2.35841,0.358407,0.534864
-1.14159,2.35841,0.858407,0.0170751
-1.14159,2.35841,1.35841,0.917323
-1.14159,2.35841,1.85841,2.59975
-1.14159,2.35841,2.35841,3.49082
-1.14159,2.35841,2.85841,2.60453
-1.14159,2.85841,-3.14159,0.443525
-1.14159,2.85841,-2.64159,0.239063
-1.14159,2.85841,-2.14159,0.0380238
-1.14159,2.85841,-1.64159,0.0210403
-1.14159,2.85841,-1.14159,0.202987
-1.14159,2.85841,-0.641593,0.421377
-1.14159,2.85841,-0.141593,0.472453
-1.14159,2.85841,0.358407,0.307489
-1.14159,2.85841,0.858407,0.0832969
-1.14159,2.85841,1.35841,0.00412513
-1.14159,2.85841,1.85841,0.139584
-1.14159,2.85841,2.35841,0.369761
-1.14159,2.85841,2.85841,0.482167
-0.641593,-3.14159,-3.14159,0.000600395
-0.641593,-3.14159,-2.64159,0.000600421
-0.641593,-3.14159,-2.14159,0.000600435
-0.641593,-3.14159,-1.64159,0.000600429
-0.641593,-3.14159,-1.14159,0.000600403
-0.641593,-3.14159,-0.641593,0.000600367
-0.641593,-3.14159,-0.141593,0.000600333
-0.641593,-3.14159,0.358407,0.00060031
-0.641593,-3.14159,0.858407,0.000600302
-0.641593,-3.14159,1.35841,0.000600308
-0.641593,-3.14159,1.85841,0.000600325
-0.641593,-3.14159,2.35841,0.000600349
-0.641593,-3.14159,2.85841,0.000600378
-0.641593,-2.64159,-3.14159,1.1276
-0.641593,-2.64159,-2.64159,1.48863
-0.641593,-2.64159,-2.14159,1.12914
-0.641593,-2.64159,-1.64159,0.415916
-0.641593,-2.64159,-1.14159,0.011092
-0.641593,-2.64159,-0.641593,0.246297
-0.641593,-2.64159,-0.141593,0.933096
-0.641593,-2.64159,0.358407,1.45721
-0.641593,-2.64159,0.858407,1.29379
-0.641593,-2.64159,1.35841,0.610365
-0.641593,-2.64159,1.85841,0.0624408
-0.641593,-2.64159,2.35841,0.112708
-0.641593,-2.64159,2.85841,0.721339
-0.641593,-2.14159,-3.14159,1.33768
-0.641593,-2.14159,-2.64159,3.88045
-0.641593,-2.14159,-2.14159,5.26356
-0.641593,-2.14159,-1.64159,3.87576
-0.641593,-2.14159,-1.14159,1.33154
-0.641593,-2.14159,-0.641593,0.0255448
-0.641593,-2.14159,-0.141593,0.771034
-0.641593,-2.14159,0.358407,3.148
-0.641593,-2.14159,0.858407,5.13859
-0.641593,-2.14159,1.35841,4.51046
-0.641593,-2.14159,1.85841,2.01083
-0.641593,-2.14159,2.35841,0.201066
-0.641593,-2.14159,2.85841,0.358938
-0.641593,-1.64159,-3.14159,0.0589968
-0.641593,-1.64159,-2.64159,1.94523
-0.641593,-1.64159,-2.14159,5.80847
-0.641593,-1.64159,-1.64159,7.97859
-0.641593,-1.64159,-1.14159,5.78772
-0.641593,-1.64159,-0.641593,1.91661
-0.641593,-1.64159,-0.141593,0.0306404
-0.641593,-1.64159,0.358407,1.09646
-0.641593,-1.64159,0.858407,4.6595
-0.641593,-1.64159,1.35841,7.77808
-0.641593,-1.64159,1.85841,6.79319
-0.641593,-1.64159,2.35841,2.94726
-0.641593,-1.64159,2.85841,0.298976
-0.641593,-1.14159,-3.14159,0.95376
-0.641593,-1.14159,-2.64159,0.0747018
-0.641593,-1.14159,-2.14159,1.62066
-0.641593,-1.14159,-1.64159,4.69128
-0.641593,-1.14159,-1.14159,6.377
-0.641593,-1.14159,-0.641593,4.65968
-0.641593,-1.14159,-0.141593,1.57467
-0.641593,-1.14159,0.358407,0.0269454
-0.641593,-1.14159,0.858407,0.906655
-0.641593,-1.14159,1.35841,3.76953
-0.641593,-1.14159,1.85841,6.21888
-0.641593,-1.14159,2.35841,5.46013
-0.641593,-1.14159,2.85841,2.42709
-0.641593,-0.641593,-3.14159,1.54881
-0.641593,-0.641593,-2.64159,0.441618
-0.641593,-0.641593,-2.14159,0.0709281
-0.641593,-0.641593,-1.64159,0.711893
-0.641593,-0.641593,-1.14159,1.87053
-0.641593,-0.641593,-0.641593,2.46053
-0.641593,-0.641593,-0.141593,1.84625
-0.641593,-0.641593,0.358407,0.672821
-0.641593,-0.641593,0.858407,0.0271246
-0.641593,-0.641593,1.35841,0.400352
-0.641593,-0.641593,1.85841,1.5192
-0.641593,-0.641593,2.35841,2.40358
-0.641593,-0.641593,2.85841,2.14385
-0.641593,-0.141593,-3.14159,0.167757
-0.641593,-0.141593,-2.64159,0.129144
-0.641593,-0.141593,-2.14159,0.0739634
-0.641593,-0.141593,-1.64159,0.054102
-0.641593,-0.141593,-1.14159,0.0879801
-0.641593,-0.141593,-0.641593,0.144104
-0.641593,-0.141593,-0.141593,0.169339
-0.641593,-0.141593,0.358407,0.138273
-0.641593,-0.141593,0.858407,0.077791
-0.641593,-0.141593,1.35841,0.0420566
-0.641593,-0.141593,1.85841,0.0629656
-0.641593,-0.141593,2.35841,0.121873
-0.641593,-0.141593,2.85841,0.166037
-0.641593,0.358407,-3.14159,0.730319
-0.641593,0.358407,-2.64159,0.804839
-0.641593,0.358407,-2.14159,0.529526
-0.641593,0.358407,-1.64159,0.165034
-0.641593,0.358407,-1.14159,0.0379052
-0.641593,0.358407,-0.641593,0.255933
-0.641593,0.358407,-0.141593,0.63224
-0.641593,0.358407,0.358407,0.823134
-0.641593,0.358407,0.858407,0.647608
-0.641593,0.358407,1.35841,0.281996
-0.641593,0.358407,1.85841,0.0681527
-0.641593,0.358407,2.35841,0.192951
-0.641593,0.358407,2.85841,0.548533
-0.641593,0.858407,-3.14159,1.66458
-0.641593,0.858407,-2.64159,3.59259
-0.641593,0.858407,-2.14159,4.05638
-0.641593,0.858407,-1.64159,2.51153
-0.641593,0.858407,-1.14159,0.6335
-0.641593,0.858407,-0.641593,0.0310589
-0.641593,0.858407,-0.141593,1.08153
-0.641593,0.858407,0.358407,3.07761
-0.641593,0.858407,0.858407,4.15647
-0.641593,0.858407,1.35841,3.11222
-0.641593,0.858407,1.85841,1.13437
-0.641593,0.858407,2.35841,0.088076
-0.641593,0.858407,2.85841,0.688463
-0.641593,1.35841,-3.14159,0.315758
-0.641593,1.35841,-2.64159,2.84819
-0.641593,1.35841,-2.14159,6.4959
-0.641593,1.35841,-1.64159,7.41838
-0.641593,1.35841,-1.14159,4.45393
-0.641593,1.35841,-0.641593,1.05394
-0.641593,1.35841,-0.141593,0.0308576
-0.641593,1.35841,0.358407,1.83887
-0.641593,1.35841,0.858407,5.52663
-0.641593,1.35841,1.35841,7.61103
-0.641593,1.35841,1.85841,5.56471
-0.641593,1.35841,2.35841,1.89251
-0.641593,1.35841,2.85841,0.0850331
-0.641593,1.85841,-3.14159,0.486413
-0.641593,1.85841,-2.64159,0.27945
-0.641593,1.85841,-2.14159,2.70106
-0.641593,1.85841,-1.64159,6.17199
-0.641593,1.85841,-1.14159,7.05377
-0.641593,1.85841,-0.641593,4.24757
-0.641593,1.85841,-0.141593,1.00843
-0.641593,1.85841,0.358407,0.0279045
-0.641593,1.85841,0.858407,1.75851
-0.641593,1.85841,1.35841,5.26498
-0.641593,1.85841,1.85841,7.23399
-0.641593,1.85841,2.35841,5.287
-0.641593,1.85841,2.85841,1.78888
-0.641593,2.35841,-3.14159,1.63524
-0.641593,2.35841,-2.64159,0.252474
-0.641593,2.35841,-2.14159,0.142447
-0.641593,2.35841,-1.64159,1.37661
-0.641593,2.35841,-1.14159,3.01035
-0.641593,2.35841,-0.641593,3.411
-0.641593,2.35841,-0.141593,2.12598
-0.641593,2.35841,0.358407,0.534864
-0.641593,2.35841,0.858407,0.0170751
-0.641593,2.35841,1.35841,0.917323
-0.641593,2.35841,1.85841,2.59975
-0.641593,2.35841,2.35841,3.49082
-0.641593,2.35841,2.85841,2.60453
-0.641593,2.85841,-3.14159,0.443525
-0.641593,2.85841,-2.64159,0.239063
-0.641593,2.85841,-2.14159,0.0380238
-0.641593,2.85841,-1.64159,0.0210403
-0.641593,2.85841,-1.14159,0.202987
-0.641593,2.85841,-0.641593,0.421377
-0.641593,2.85841,-0.141593,0.472453
-0.641593,2.85841,0.358407,0.307489
-0.641593,2.85841,0.858407,0.0832969
-0.641593,2.85841,1.35841,0.00412513
-0.641593,2.85841,1.85841,0.139584
-0.641593,2.85841,2.35841,0.369761
-0.641593,2.85841,2.85841,0.482167
-0.141593,-3.14159,-3.14159,0.000600395
-0.141593,-3.14159,-2.64159,0.000600421
-0.141593,-3.14159,-2.14159,0.000600435
-0.141593,-3.14159,-1.64159,0.000600429
-0.141593,-3.14159,-1.14159,0.000600403
-0.141593,-3.14159,-0.641593,0.000600367
-0.141593,-3.14159,-0.141593,0.000600333
-0.141593,-3.14159,0.358407,0.00060031
-0.141593,-3.14159,0.858407,0.000600302
-0.141593,-3.14159,1.35841,0.000600308
-0.141593,-3.14159,1.85841,0.000600325
-0.141593,-3.14159,2.35841,0.000600349
-0.141593,-3.14159,2.85841,0.000600378
-0.141593,-2.64159,-3.14159,1.1276
-0.141593,-2.64159,-2.64159,1.48863
-0.141593,-2.64159,-2.14159,1.12914
-0.141593,-2.64159,-1.64159,0.415916
-0.141593,-2.64159,-1.14159,0.011092
-0.141593,-2.64159,-0.641593,0.246297
-0.141593,-2.64159,-0.141593,0.933096
-0.141593,-2.64159,0.358407,1.45721
-0.141593,-2.64159,0.858407,1.29379
-0.141593,-2.64159,1.35841,0.610365
-0.141593,-2.64159,1.85841,0.0624408
-0.141593,-2.64159,2.35841,0.112708
-0.141593,-2.64159,2.85841,0.721339
-0.141593,-2.14159,-3.14159,1.33768
-0.141593,-2.14159,-2.64159,3.88045
-0.141593,-2.14159,-2.14159,5.26356
-0.141593,-2.14159,-1.64159,3.87576
-0.141593,-2.14159,-1.14159,1.33154
-0.141593,-2.14159,-0.641593,0.0255448
-0.141593,-2.14159,-0.141593,0.771034
-0.141593,-2.14159,0.358407,3.148
-0.141593,-2.14159,0.858407,5.13859
-0.141593,-2.14159,1.35841,4.51046
-0.141593,-2.14159,1.85841,2.01083
-0.141593,-2.14159,2.35841,0.201066
-0.141593,-2.14159,2.85841,0.358938
-0.141593,-1.64159,-3.14159,0.0589968
-0.141593,-1.64159,-2.64159,1.94523
-0.141593,-1.64159,-2.14159,5.80847
-0.141593,-1.64159,-1.64159,7.97859
-0.141593,-1.64159,-1.14159,5.78772
-0.141593,-1.64159,-0.641593,1.91661
-0.141593,-1.64159,-0.141593,0.0306404
-0.141593,-1.64159,0.358407,1.09646
-0.141593,-1.64159,0.858407,4.6595
-0.141593,-1.64159,1.35841,7.77808
-0.141593,-1.64159,1.85841,6.79319
-0.141593,-1.64159,2.35841,2.94726
-0.141593,-1.64159,2.85841,0.298976
-0.141593,-1.14159,-3.14159,0.95376
-0.141593,-1.14159,-2.64159,0.0747018
-0.141593,-1.14159,-2.14159,1.62066
-0.141593,-1.14159,-1.64159,4.69128
-0.141593,-1.14159,-1.14159,6.377
-0.141593,-1.14159,-0.641593,4.65968
-0.141593,-1.14159,-0.141593,1.57467
-0.141593,-1.14159,0.358407,0.0269454
-0.141593,-1.14159,0.858407,0.906655
-0.141593,-1.14159,1.35841,3.76953
-0.141593,-1.14159,1.85841,6.21888
-0.141593,-1.14159,2.35841,5.46013
-0.141593,-1.14159,2.85841,2.42709
-0.141593,-0.641593,-3.14159,1.54881
-0.141593,-0.641593,-2.64159,0.441618
-0.141593,-0.641593,-2.14159,0.0709281
-0.141593,-0.641593,-1.64159,0.711893
-0.141593,-0.641593,-1.14159,1.87053
-0.141593,-0.641593,-0.641593,2.46053
-0.141593,-0.641593,-0.141593,1.84625
-0.141593,-0.641593,0.358407,0.672821
-0.141593,-0.641593,0.858407,0.0271246
-0.141593,-0.641593,1.35841,0.400352
-0.141593,-0.641593,1.85841,1.5192
-0.141593,-0.641593,2.35841,2.40358
-0.141593,-0.641593,2.85841,2.14385
-0.141593,-0.141593,-3.14159,0.167757
-0.141593,-0.141593,-2.64159,0.129144
-0.141593,-0.141593,-2.14159,0.0739634
-0.141593,-0.141593,-1.64159,0.054102
-0.141593,-0.141593,-1.14159,0.0879801
-0.141593,-0.141593,-0.641593,0.144104
-0.141593,-0.141593,-0.141593,0.169339
-0.141593,-0.141593,0.358407,0.138273
-0.141593,-0.141593,0.858407,0.077791
-0.141593,-0.141593,1.35841,0.0420566
-0.141593,-0.141593,1.85841,0.0629656
-0.141593,-0.141593,2.35841,0.121873
-0.141593,-0.141593,2.85841,0.166037
-0.141593,0.358407,-3.14159,0.730319
-0.141593,0.358407,-2.64159,0.804839
-0.141593,0.358407,-2.14159,0.529526
-0.141593,0.358407,-1.64159,0.165034
-0.141593,0.358407,-1.14159,0.0379052
-0.141593,0.358407,-0.641593,0.255933
-0.141593,0.358407,-0.141593,0.63224
-0.141593,0.358407,0.358407,0.823134
-0.141593,0.358407,0.858407,0.647608
-0.141593,0.358407,1.35841,0.281996
-0.141593,0.358407,1.85841,0.0681527
-0.141593,0.358407,2.35841,0.192951
-0.141593,0.358407,2.85841,0.548533
-0.141593,0.858407,-3.14159,1.66458
-0.141593,0.858407,-2.64159,3.59259
-0.141593,0.858407,-2.14159,4.05638
-0.141593,0.858407,-1.64159,2.51153
-0.141593,0.858407,-1.14159,0.6335
-0.141593,0.858407,-0.641593,0.0310589
-0.141593,0.858407,-0.141593,1.08153
-0.141593,0.858407,0.358407,3.07761
-0.141593,0.858407,0.858407,4.15647
-0.141593,0.858407,1.35841,3.11222
-0.141593,0.858407,1.85841,1.13437
-0.141593,0.858407,2.35841,0.088076
-0.141593,0.858407,2.85841,0.688463
-0.141593,1.35841,-3.14159,0.315758
-0.141593,1.35841,-2.64159,2.84819
-0.141593,1.35841,-2.14159,6.4959
-0.141593,1.35841,-1.64159,7.41838
-0.141593,1.35841,-1.14159,4.45393
-0.141593,1.35841,-0.641593,1.05394
-0.141593,1.35841,-0.141593,0.0308576
-0.141593,1.35841,0.358407,1.83887
-0.141593,1.35841,0.858407,5.52663
-0.141593,1.35841,1.35841,7.61103
-0.141593,1.35841,1.85841,5.56471
-0.141593,1.35841,2.35841,1.89251
-0.141593,1.35841,2.85841,0.0850331
-0.141593,1.85841,-3.14159,0.486413
-0.141593,1.85841,-2.64159,0.27945
-0.141593,1.85841,-2.14159,2.70106
-0.141593,1.85841,-1.64159,6.17199
-0.141593,1.85841,-1.14159,7.05377
-0.141593,1.85841,-0.641593,4.24757
-0.141593,1.85841,-0.141593,1.00843
-0.141593,1.85841,0.358407,0.0279045
-0.141593,1.85841,0.858407,1.75851
-0.141593,1.85841,1.35841,5.26498
-0.141593,1.85841,1.85841,7.23399
-0.141593,1.85841,2.35841,5.287
-0.141593,1.85841,2.85841,1.78888
-0.141593,2.35841,-3.14159,1.63524
-0.141593,2.35841,-2.64159,0.252474
-0.141593,2.35841,-2.14159,0.142447
-0.141593,2.35841,-1.64159,1.37661
-0.141593,2.35841,-1.14159,3.01035
-0.141593,2.35841,-0.641593,3.411
-0.141593,2.35841,-0.141593,2.12598
-0.141593,2.35841,0.358407,0.534864
-0.141593,2.35841,0.858407,0.0170751
-0.141593,2.35841,1.35841,0.917323
-0.141593,2.35841,1.85841,2.59975
-0.141593,2.35841,2.35841,3.49082
-0.141593,2.35841,2.85841,2.60453
-0.141593,2.85841,-3.14159,0.443525
-0.141593,2.85841,-2.64159,0.239063
-0.141593,2.85841,-2.14159,0.0380238
-0.141593,2.85841,-1.64159,0.0210403
-0.141593,2.85841,-1.14159,0.202987
-0.141593,2.85841,-0.641593,0.421377
-0.141593,2.85841,-0.141593,0.472453
-0.141593,2.85841,0.358407,0.307489
-0.141593,2.85841,0.858407,0.0832969
-0.141593,2.85841,1.35841,0.00412513
-0.141593,2.85841,1.85841,0.139584
-0.141593,2.85841,2.35841,0.369761
-0.141593,2.85841,2.85841,0.482167
0.358407,-3.14159,-3.14159,0.000600395
0.358407,-3.14159,-2.64159,0.000600421
0.358407,-3.14159,-2.14159,0.000600435
0.358407,-3.14159,-1.64159,0.000600429
0.358407,-3.14159,-1.14159,0.000600403
0.358407,-3.14159,-0.641593,0.000600367
0.358407,-3.14159,-0.141593,0.000600333
0.358407,-3.14159,0.358407,0.00060031
0.358407,-3.14159,0.858407,0.000600302
0.358407,-3.14159,1.35841,0.000600308
0.358407,-3.14159,1.85841,0.000600325
0.358407,-3.14159,2.35841,0.000600349
0.358407,-3.14159,2.85841,0.000600378
0.358407,-2.64159,-3.14159,1.1276
0.358407,-2.64159,-2.64159,1.48863
0.358407,-2.64159,-2.14159,1.12914
0.358407,-2.64159,-1.64159,0.415916
0.358407,-2.64159,-1.14159,0.011092
0.358407,-2.64159,-0.641593,0.246297
0.358407,-2.64159,-0.141593,0.933096
0.358407,-2.64159,0.358407,1.45721
0.358407,-2.64159,0.858407,1.29379
0.358407,-2.64159,1.35841,0.610365
0.358407,-2.64159,1.85841,0.0624408
0.358407,-2.64159,2.35841,0.112708
0.358407,-2.64159,2.85841,0.721339
0.358407,-2.14159,-3.14159,1.33768
0.358407,-2.14159,-2.64159,3.88045
0.358407,-2.14159,-2.14159,5.26356
0.358407,-2.14159,-1.64159,3.87576
0.358407,-2.14159,-1.14159,1.33154
0.358407,-2.14159,-0.641593,0.0255448
0.358407,-2.14159,-0.141593,0.771034
0.358407,-2.14159,0.358407,3.148
0.358407,-2.14159,0.858407,5.13859
0.358407,-2.14159,1.35841,4.51046
0.358407,-2.14159,1.85841,2.01083
0.358407,-2.14159,2.35841,0.201066
0.358407,-2.14159,2.85841,0.358938
0.358407,-1.64159,-3.14159,0.0589968
0.358407,-1.64159,-2.64159,1.94523
0.358407,-1.64159,-2.14159,5.80847
0.358407,-1.64159,-1.64159,7.97859
0.358407,-1.64159,-1.14159,5.78772
0.358407,-1.64159,-0.641593,1.91661
0.358407,-1.64159,-0.141593,0.0306404
0.358407,-1.64159,0.358407,1.09646
0.358407,-1.64159,0.858407,4.6595
0.358407,-1.64159,1.35841,7.77808
0.358407,-1.64159,1.85841,6.79319
0.358407,-1.64159,2.35841,2.94726
0.358407,-1.64159,2.85841,0.298976
0.358407,-1.14159,-3.14159,0.95376
0.358407,-1.14159,-2.64159,0.0747018
0.358407,-1.14159,-2.14159,1.62066
0.358407,-1.14159,-1.64159,4.69128
0.358407,-1.14159,-1.14159,6.377
0.358407,-1.14159,-0.641593,4.65968
0.358407,-1.14159,-0.141593,1.57467
0.358407,-1.14159,0.358407,0.0269454
0.358407,-1.14159,0.858407,0.906655
0.358407,-1.14159,1.35841,3.76953
0.358407,-1.14159,1.85841,6.21888
0.358407,-1.14159,2.35841,5.46013
0.358407,-1.14159,2.85841,2.42709
0.358407,-0.641593,-3.14159,1.54881
0.358407,-0.641593,-2.64159,0.441618
0.358407,-0.641593,-2.14159,0.0709281
0.358407,-0.641593,-1.64159,0.711893
0.358407,-0.641593,-1.14159,1.87053
0.358407,-0.641593,-0.641593,2.46053
0.358407,-0.641593,-0.141593,1.84625
0.358407,-0.641593,0.358407,0.672821
0.358407,-0.641593,0.858407,0.0271246
0.358407,-0.641593,1.35841,0.400352
0.358407,-0.641593,1.85841,1.5192
0.358407,-0.641593,2.35841,2.40358
0.358407,-0.641593,2.85841,2.14385
0.358407,-0.141593,-3.14159,0.167757
0.358407,-0.141593,-2.64159,0.129144
0.358407,-0.141593,-2.14159,0.0739634
0.358407,-0.141593,-1.64159,0.054102
0.358407,-0.141593,-1.14159,0.0879801
0.358407,-0.141593,-0.641593,0.144104
0.358407,-0.141593,-0.141593,0.169339
0.358407,-0.141593,0.358407,0.138273
0.358407,-0.141593,0.858407,0.077791
0.358407,-0.141593,1.35841,0.0420566
0.358407,-0.141593,1.85841,0.0629656
0.358407,-0.141593,2.35841,0.121873
0.358407,-0.141593,2.85841,0.166037
0.358407,0.358407,-3.14159,0.730319
0.358407,0.358407,-2.64159,0.804839
0.358407,0.358407,-2.14159,0.529526
0.358407,0.358407,-1.64159,0.165034
0.358407,0.358407,-1.14159,0.0379052
0.358407,0.358407,-0.641593,0.255933
0.358407,0.358407,-0.141593,0.63224
0.358407,0.358407,0.358407,0.823134
0.358407,0.358407,0.858407,0.647608
0.358407,0.358407,1.35841,0.281996
0.358407,0.358407,1.85841,0.0681527
0.358407,0.358407,2.35841,0.192951
0.358407,0.358407,2.85841,0.548533
0.358407,0.858407,-3.14159,1.66458
0.358407,0.858407,-2.64159,3.59259
0.358407,0.858407,-2.14159,4.05638
0.358407,0.858407,-1.64159,2.51153
0.358407,0.858407,-1.14159,0.6335
0.358407,0.858407,-0.641593,0.0310589
0.358407,0.858407,-0.141593,1.08153
0.358407,0.858407,0.358407,3.07761
0.358407,0.858407,0.858407,4.15647
0.358407,0.858407,1.35841,3.11222
0.358407,0.858407,1.85841,1.13437
0.358407,0.858407,2.35841,0.088076
0.358407,0.858407,2.85841,0.688463
0.358407,1.35841,-3.14159,0.315758
0.358407,1.35841,-2.64159,2.84819
0.358407,1.35841,-2.14159,6.4959
0.358407,1.35841,-1.64159,7.41838
0.358407,1.35841,-1.14159,4.45393
0.358407,1.35841,-0.641593,1.05394
0.358407,1.35841,-0.141593,0.0308576
0.358407,1.35841,0.358407,1.83887
0.358407,1.35841,0.858407,5.52663
0.358407,1.35841,1.35841,7.61103
0.358407,1.35841,1.85841,5.56471
0.358407,1.35841,2.35841,1.89251
0.358407,1.35841,2.85841,0.0850331
0.358407,1.85841,-3.14159,0.486413
0.358407,1.85841,-2.64159,0.27945
0.358407,1.85841,-2.14159,2.70106
0.358407,1.85841,-1.64159,6.17199
0.358407,1.85841,-1.14159,7.05377
0.358407,1.85841,-0.641593,4.24757
0.358407,1.85841,-0.141593,1.00843
0.358407,1.85841,0.358407,0.0279045
0.358407,1.85841,0.858407,1.75851
0.358407,1.85841,1.35841,5.26498
0.358407,1.85841,1.85841,7.23399
0.358407,1.85841,2.35841,5.287
0.358407,1.85841,2.85841,1.78888
0.358407,2.35841,-3.14159,1.63524
0.358407,2.35841,-2.64159,0.252474
0.358407,2.35841,-2.14159,0.142447
0.358407,2.35841,-1.64159,1.37661
0.358407,2.35841,-1.14159,3.01035
0.358407,2.35841,-0.641593,3.411
0.358407,2.35841,-0.141593,2.12598
0.358407,2.35841,0.358407,0.534864
0.358407,2.35841,0.858407,0.0170751
0.358407,2.35841,1.35841,0.917323
0.358407,2.35841,1.85841,2.59975
0.358407,2.35841,2.35841,3.49082
0.358407,2.35841,2.85841,2.60453
0.358407,2.85841,-3.14159,0.443525
0.358407,2.85841,-2.64159,0.239063
0.358407,2.85841,-2.14159,0.0380238
0.358407,2.85841,-1.64159,0.0210403
0.358407,2.85841,-1.14159,0.202987
0.358407,2.85841,-0.641593,0.421377
0.358407,2.85841,-0.141593,0.472453
0.358407,2.85841,0.358407,0.307489
0.358407,2.85841,0.858407,0.0832969
0.358407,2.85841,1.35841,0.00412513
0.358407,2.85841,1.85841,0.139584
0.358407,2.85841,2.35841,0.369761
0.358407,2.85841,2.85841,0.482167
0.858407,-3.14159,-3.14159,0.000600395
0.858407,-3.14159,-2.64159,0.000600421
0.858407,-3.14159,-2.14159,0.000600435
0.858407,-3.14159,-1.64159,0.000600429
0.858407,-3.14159,-1.14159,0.000600403
0.858407,-3.14159,-0.641593,0.000600367
0.858407,-3.14159,-0.141593,0.000600333
0.858407,-3.14159,0.358407,0.00060031
0.858407,-3.14159,0.858407,0.000600302
0.858407,-3.14159,1.35841,0.000600308
0.858407,-3.14159,1.85841,0.000600325
0.858407,-3.14159,2.35841,0.000600349
0.858407,-3.14159,2.85841,0.000600378
0.858407,-2.64159,-3.14159,1.1276
0.858407,-2.64159,-2.64159,1.48863
0.858407,-2.64159,-2.14159,1.12914
0.858407,-2.64159,-1.64159,0.415916
0.858407,-2.64159,-1.14159,0.011092
0.858407,-2.64159,-0.641593,0.246297
0.858407,-2.64159,-0.141593,0.933096
0.858407,-2.64159,0.358407,1.45721
0.858407,-2.64159,0.858407,1.29379
0.858407,-2.64159,1.35841,0.610365
0.858407,-2.64159,1.85841,0.0624408
0.858407,-2.64159,2.35841,0.112708
0.858407,-2.64159,2.85841,0.721339
0.858407,-2.14159,-3.14159,1.33768
0.858407,-2.14159,-2.64159,3.88045
0.858407,-2.14159,-2.14159,5.26356
0.858407,-2.14159,-1.64159,3.87576
0.858407,-2.14159,-1.14159,1.33154
0.858407,-2.14159,-0.641593,0.0255448
0.858407,-2.14159,-0.141593,0.771034
0.858407,-2.14159,0.358407,3.148
0.858407,-2.14159,0.858407,5.13859
0.858407,-2.14159,1.35841,4.51046
0.858407,-2.14159,1.85841,2.01083
0.858407,-2.14159,2.35841,0.201066
0.858407,-2.14159,2.85841,0.358938
0.858407,-1.64159,-3.14159,0.0589968
0.858407,-1.64159,-2.64159,1.94523
0.858407,-1.64159,-2.14159,5.80847
0.858407,-1.64159,-1.64159,7.97859
0.858407,-1.64159,-1.14159,5.78772
0.858407,-1.64159,-0.641593,1.91661
0.858407,-1.64159,-0.141593,0.0306404
0.858407,-1.64159,0.358407,1.09646
0.858407,-1.64159,0.858407,4.6595
0.858407,-1.64159,1.35841,7.77808
0.858407,-1.64159,1.85841,6.79319
0.858407,-1.64159,2.35841,2.94726
0.858407,-1.64159,2.85841,0.298976
0.858407,-1.14159,-3.14159,0.95376
0.858407,-1.14159,-2.64159,0.0747018
0.858407,-1.14159,-2.14159,1.62066
0.858407,-1.14159,-1.64159,4.69128
0.858407,-1.14159,-1.14159,6.377
0.858407,-1.14159,-0.641593,4.65968
0.858407,-1.14159,-0.141593,1.57467
0.858407,-1.14159,0.358407,0.0269454
0.858407,-1.14159,0.858407,0.906655
0.858407,-1.14159,1.35841,3.76953
0.858407,-1.14159,1.85841,6.21888
0.858407,-1.14159,2.35841,5.46013
0.858407,-1.14159,2.85841,2.42709
0.858407,-0.641593,-3.14159,1.54881
0.858407,-0.641593,-2.64159,0.441618
0.858407,-0.641593,-2.14159,0.0709281
0.858407,-0.641593,-1.64159,0.711893
0.858407,-0.641593,-1.14159,1.87053
0.858407,-0.641593,-0.641593,2.46053
0.858407,-0.641593,-0.141593,1.84625
0.858407,-0.641593,0.358407,0.672821
0.858407,-0.641593,0.858407,0.0271246
0.858407,-0.641593,1.35841,0.400352
0.858407,-0.641593,1.85841,1.5192
0.858407,-0.641593,2.35841,2.40358
0.858407,-0.641593,2.85841,2.14385
0.858407,-0.141593,-3.14159,0.167757
0.858407,-0.141593,-2.64159,0.129144
0.858407,-0.141593,-2.14159,0.0739634
0.858407,-0.141593,-1.64159,0.054102
0.858407,-0.141593,-1.14159,0.0879801
0.858407,-0.141593,-0.641593,0.144104
0.858407,-0.141593,-0.141593,0.169339
0.858407,-0.141593,0.358407,0.138273
0.858407,-0.141593,0.858407,0.077791
0.858407,-0.141593,1.35841,0.0420566
0.858407,-0.141593,1.85841,0.0629656
0.858407,-0.141593,2.35841,0.121873
0.858407,-0.141593,2.85841,0.166037
0.858407,0.358407,-3.14159,0.730319
0.858407,0.358407,-2.64159,0.804839
0.858407,0.358407,-2.14159,0.529526
0.858407,0.358407,-1.64159,0.165034
0.858407,0.358407,-1.14159,0.0379052
0.858407,0.358407,-0.641593,0.255933
0.858407,0.358407,-0.141593,0.63224
0.858407,0.358407,0.358407,0.823134
0.858407,0.358407,0.858407,0.647608
0.858407,0.358407,1.35841,0.281996
0.858407,0.358407,1.85841,0.0681527
0.858407,0.358407,2.35841,0.192951
0.858407,0.358407,2.85841,0.548533
0.858407,0.858407,-3.14159,1.66458
0.858407,0.858407,-2.64159,3.59259
0.858407,0.858407,-2.14159,4.05638
0.858407,0.858407,-1.64159,2.51153
0.858407,0.858407,-1.14159,0.6335
0.858407,0.858407,-0.641593,0.0310589
0.858407,0.858407,-0.141593,1.08153
0.858407,0.858407,0.358407,3.07761
0.858407,0.858407,0.858407,4.15647
0.858407,0.858407,1.35841,3.11222
0.858407,0.858407,1.85841,1.13437
0.858407,0.858407,2.35841,0.088076
0.858407,0.858407,2.85841,0.688463
0.858407,1.35841,-3.14159,0.315758
0.858407,1.35841,-2.64159,2.84819
0.858407,1.35841,-2.14159,6.4959
0.858407,1.35841,-1.64159,7.41838
0.858407,1.35841,-1.14159,4.45393
0.858407,1.35841,-0.641593,1.05394
0.858407,1.35841,-0.141593,0.0308576
0.858407,1.35841,0.358407,1.83887
0.858407,1.35841,0.858407,5.52663
0.858407,1.35841,1.35841,7.61103
0.858407,1.35841,1.85841,5.56471
0.858407,1.35841,2.35841,1.89251
0.858407,1.35841,2.85841,0.0850331
0.858407,1.85841,-3.14159,0.486413
0.858407,1.85841,-2.64159,0.27945
0.858407,1.85841,-2.14159,2.70106
0.858407,1.85841,-1.64159,6.17199
0.858407,1.85841,-1.14159,7.05377
0.858407,1.85841,-0.641593,4.24757
0.858407,1.85841,-0.141593,1.00843
0.858407,1.85841,0.358407,0.0279045
0.858407,1.85841,0.858407,1.75851
0.858407,1.85841,1.35841,5.26498
0.858407,1.85841,1.85841,7.23399
0.858407,1.85841,2.35841,5.287
0.858407,1.85841,2.85841,1.78888
0.858407,2.35841,-3.14159,1.63524
0.858407,2.35841,-2.64159,0.252474
0.858407,2.35841,-2.14159,0.142447
0.858407,2.35841,-1.64159,1.37661
0.858407,2.35841,-1.14159,3.01035
0.858407,2.35841,-0.641593,3.411
0.858407,2.35841,-0.141593,2.12598
0.858407,2.35841,0.358407,0.534864
0.858407,2.35841,0.858407,0.0170751
0.858407,2.35841,1.35841,0.917323
0.858407,2.35841,1.85841,2.59975
0.858407,2.35841,2.35841,3.49082
0.858407,2.35841,2.85841,2.60453
0.858407,2.85841,-3.14159,0.443525
0.858407,2.85841,-2.64159,0.239063
0.858407,2.85841,-2.14159,0.0380238
0.858407,2.85841,-1.64159,0.0210403
0.858407,2.85841,-1.14159,0.202987
0.858407,2.85841,-0.641593,0.421377
0.858407,2.85841,-0.141593,0.472453
0.858407,2.85841,0.358407,0.307489
0.858407,2.85841,0.858407,0.0832969
0.858407,2.85841,1.35841,0.00412513
0.858407,2.85841,1.85841,0.139584
0.858407,2.85841,2.35841,0.369761
0.858407,2.85841,2.85841,0.482167
1.35841,-3.14159,-3.14159,0.000600395
1.35841,-3.14159,-2.64159,0.000600421
1.35841,-3.14159,-2.14159,0.000600435
1.35841,-3.14159,-1.64159,0.000600429
1.35841,-3.14159,-1.14159,0.000600403
1.35841,-3.14159,-0.641593,0.000600367
1.35841,-3.14159,-0.141593,0.000600333
1.35841,-3.14159,0.358407,0.00060031
1.35841,-3.14159,0.858407,0.000600302
1.35841,-3.14159,1.35841,0.000600308
1.35841,-3.14159,1.85841,0.000600325
1.35841,-3.14159,2.35841,0.000600349
1.35841,-3.14159,2.85841,0.000600378
1.35841,-2.64159,-3.14159,1.1276
1.35841,-2.64159,-2.64159,1.48863
1.35841,-2.64159,-2.14159,1.12914
1.35841,-2.64159,-1.64159,0.415916
1.35841,-2.64159,-1.14159,0.011092
1.35841,-2.64159,-0.641593,0.246297
1.35841,-2.64159,-0.141593,0.933096
1.35841,-2.64159,0.358407,1.45721
1.35841,-2.64159,0.858407,1.29379
1.35841,-2.64159,1.35841,0.610365
1.35841,-2.64159,1.85841,0.0624408
1.35841,-2.64159,2.35841,0.112708
1.35841,-2.64159,2.85841,0.721339
1.35841,-2.14159,-3.14159,1.33768
1.35841,-2.14159,-2.64159,3.88045
1.35841,-2.14159,-2.14159,5.26356
1.35841,-2.14159,-1.64159,3.87576
1.35841,-2.14159,-1.14159,1.33154
1.35841,-2.14159,-0.641593,0.0255448
1.35841,-2.14159,-0.141593,0.771034
1.35841,-2.14159,0.358407,3.148
1.35841,-2.14159,0.858407,5.13859
1.35841,-2.14159,1.35841,4.51046
1.35841,-2.14159,1.85841,2.01083
1.35841,-2.14159,2.35841,0.201066
1.35841,-2.14159,2.85841,0.358938
1.35841,-1.64159,-3.14159,0.0589968
1.35841,-1.64159,-2.64159,1.94523
1.35841,-1.64159,-2.14159,5.80847
1.35841,-1.64159,-1.64159,7.97859
1.35841,-1.64159,-1.14159,5.78772
1.35841,-1.64159,-0.641593,1.91661
1.35841,-1.64159,-0.141593,0.0306404
1.35841,-1.64159,0.358407,1.09646
1.35841,-1.64159,0.858407,4.6595
1.35841,-1.64159,1.35841,7.77808
1.35841,-1.64159,1.85841,6.79319
1.35841,-1.64159,2.35841,2.94726
1.35841,-1.64159,2.85841,0.298976
1.35841,-1.14159,-3.14159,0.95376
1.35841,-1.14159,-2.64159,0.0747018
1.35841,-1.14159,-2.14159,1.62066
1.35841,-1.14159,-1.64159,4.69128
1.35841,-1.14159,-1.14159,6.377
1.35841,-1.14159,-0.641593,4.65968
1.35841,-1.14159,-0.141593,1.57467
1.35841,-1.14159,0.358407,0.0269454
1.35841,-1.14159,0.858407,0.906655
1.35841,-1.14159,1.35841,3.76953
1.35841,-1.14159,1.85841,6.21888
1.35841,-1.14159,2.35841,5.46013
1.35841,-1.14159,2.85841,2.42709
1.35841,-0.641593,-3.14159,1.54881
1.35841,-0.641593,-2.64159,0.441618
1.35841,-0.641593,-2.14159,0.0709281
1.35841,-0.641593,-1.64159,0.711893
1.35841,-0.641593,-1.14159,1.87053
1.35841,-0.641593,-0.641593,2.46053
1.35841,-0.641593,-0.141593,1.84625
1.35841,-0.641593,0.358407,0.672821
1.35841,-0.641593,0.858407,0.0271246
1.35841,-0.641593,1.35841,0.400352
1.35841,-0.641593,1.85841,1.5192
1.35841,-0.641593,2.35841,2.40358
1.35841,-0.641593,2.85841,2.14385
1.35841,-0.141593,-3.14159,0.167757
1.35841,-0.141593,-2.64159,0.129144
1.35841,-0.141593,-2.14159,0.0739634
1.35841,-0.141593,-1.64159,0.054102
1.35841,-0.141593,-1.14159,0.0879801
1.35841,-0.141593,-0.641593,0.144104
1.35841,-0.141593,-0.141593,0.169339
1.35841,-0.141593,0.358407,0.138273
1.35841,-0.141593,0.858407,0.077791
1.35841,-0.141593,1.35841,0.0420566
1.35841,-0.141593,1.85841,0.0629656
1.35841,-0.141593,2.35841,0.121873
1.35841,-0.141593,2.85841,0.166037
1.35841,0.358407,-3.14159,0.730319
1.35841,0.358407,-2.64159,0.804839
1.35841,0.358407,-2.14159,0.529526
1.35841,0.358407,-1.64159,0.165034
1.35841,0.358407,-1.14159,0.0379052
1.35841,0.358407,-0.641593,0.255933
1.35841,0.358407,-0.141593,0.63224
1.35841,0.358407,0.358407,0.823134
1.35841,0.358407,0.858407,0.647608
1.35841,0.358407,1.35841,0.281996
1.35841,0.358407,1.85841,0.0681527
1.35841,0.358407,2.35841,0.192951
1.35841,0.358407,2.85841,0.548533
1.35841,0.858407,-3.14159,1.66458
1.35841,0.858407,-2.64159,3.59259
1.35841,0.858407,-2.14159,4.05638
1.35841,0.858407,-1.64159,2.51153
1.35841,0.858407,-1.14159,0.6335
1.35841,0.858407,-0.641593,0.0310589
1.35841,0.858407,-0.141593,1.08153
1.35841,0.858407,0.358407,3.07761
1.35841,0.858407,0.858407,4.15647
1.35841,0.858407,1.35841,3.11222
1.35841,0.858407,1.85841,1.13437
1.35841,0.858407,2.35841,0.088076
1.35841,0.858407,2.85841,0.688463
1.35841,1.35841,-3.14159,0.315758
1.35841,1.35841,-2.64159,2.84819
1.35841,1.35841,-2.14159,6.4959
1.35841,1.35841,-1.64159,7.41838
1.35841,1.35841,-1.14159,4.45393
1.35841,1.35841,-0.641593,1.05394
1.35841,1.35841,-0.141593,0.0308576
1.35841,1.35841,0.358407,1.83887
1.35841,1.35841,0.858407,5.52663
1.35841,1.35841,1.35841,7.61103
1.35841,1.35841,1.85841,5.56471
1.35841,1.35841,2.35841,1.89251
1.35841,1.35841,2.85841,0.0850331
1.35841,1.85841,-3.14159,0.486413
1.35841,1.85841,-2.64159,0.27945
1.35841,1.85841,-2.14159,2.70106
1.35841,1.85841,-1.64159,6.17199
1.35841,1.85841,-1.14159,7.05377
1.35841,1.85841,-0.641593,4.24757
1.35841,1.85841,-0.141593,1.00843
1.35841,1.85841,0.358407,0.0279045
1.35841,1.85841,0.858407,1.75851
1.35841,1.85841,1.35841,5.26498
1.35841,1.85841,1.85841,7.23399
1.35841,1.85841,2.35841,5.287
1.35841,1.85841,2.85841,1.78888
1.35841,2.35841,-3.14159,1.63524
1.35841,2.35841,-2.64159,0.252474
1.35841,2.35841,-2.14159,0.142447
1.35841,2.35841,-1.64159,1.37661
1.35841,2.35841,-1.14159,3.01035
1.35841,2.35841,-0.641593,3.411
1.35841,2.35841,-0.141593,2.12598
1.35841,2.35841,0.358407,0.534864
1.35841,2.35841,0.858407,0.0170751
1.35841,2.35841,1.35841,0.917323
1.35841,2.35841,1.85841,2.59975
1.35841,2.35841,2.35841,3.49082
1.35841,2.35841,2.85841,2.60453
1.35841,2.85841,-3.14159,0.443525
1.35841,2.85841,-2.64159,0.239063
1.35841,2.85841,-2.14159,0.0380238
1.35841,2.85841,-1.64159,0.0210403
1.35841,2.85841,-1.14159,0.202987
1.35841,2.85841,-0.641593,0.421377
1.35841,2.85841,-0.141593,0.472453
1.35841,2.85841,0.358407,0.307489
1.35841,2.85841,0.858407,0.0832969
1.35841,2.85841,1.35841,0.00412513
1.35841,2.85841,1.85841,0.139584
1.35841,2.85841,2.35841,0.369761
1.35841,2.85841,2.85841,0.482167
1.85841,-3.14159,-3.14159,0.000600395
1.85841,-3.14159,-2.64159,0.000600421
1.85841,-3.14159,-2.14159,0.000600435
1.85841,-3.14159,-1.64159,0.000600429
1.85841,-3.14159,-1.14159,0.000600403
1.85841,-3.14159,-0.641593,0.000600367
1.85841,-3.14159,-0.141593,0.000600333
1.85841,-3.14159,0.358407,0.00060031
1.85841,-3.14159,0.858407,0.000600302
1.85841,-3.14159,1.35841,0.000600308
1.85841,-3.14159,1.85841,0.000600325
1.85841,-3.14159,2.35841,0.000600349
1.85841,-3.14159,2.85841,0.000600378
1.85841,-2.64159,-3.14159,1.1276
1.85841,-2.64159,-2.64159,1.48863
1.85841,-2.64159,-2.14159,1.12914
1.85841,-2.64159,-1.64159,0.415916
1.85841,-2.64159,-1.14159,0.011092
1.85841,-2.64159,-0.641593,0.246297
1.85841,-2.64159,-0.141593,0.933096
1.85841,-2.64159,0.358407,1.45721
1.85841,-2.64159,0.858407,1.29379
1.85841,-2.64159,1.35841,0.610365
1.85841,-2.64159,1.85841,0.0624408
1.85841,-2.64159,2.35841,0.112708
1.85841,-2.64159,2.85841,0.721339
1.85841,-2.14159,-3.14159,1.33768
1.85841,-2.14159,-2.64159,3.88045
1.85841,-2.14159,-2.14159,5.26356
1.85841,-2.14159,-1.64159,3.87576
1.85841,-2.14159,-1.14159,1.33154
1.85841,-2.14159,-0.641593,0.0255448
1.85841,-2.14159,-0.141593,0.771034
1.85841,-2.14159,0.358407,3.148
1.85841,-2.14159,0.858407,5.13859
1.85841,-2.14159,1.35841,4.51046
1.85841,-2.14159,1.85841,2.01083
1.85841,-2.14159,2.35841,0.201066
1.85841,-2.14159,2.85841,0.358938
1.85841,-1.64159,-3.14159,0.0589968
1.85841,-1.64159,-2.64159,1.94523
1.85841,-1.64159,-2.14159,5.80847
1.85841,-1.64159,-1.64159,7.97859
1.85841,-1.64159,-1.14159,5.78772
1.85841,-1.64159,-0.641593,1.91661
1.85841,-1.64159,-0.141593,0.0306404
1.85841,-1.64159,0.358407,1.09646
1.85841,-1.64159,0.858407,4.6595
1.85841,-1.64159,1.35841,7.77808
1.85841,-1.64159,1.85841,6.79319
1.85841,-1.64159,2.35841,2.94726
1.85841,-1.64159,2.85841,0.298976
1.85841,-1.14159,-3.14159,0.95376
1.85841,-1.14159,-2.64159,0.0747018
1.85841,-1.14159,-2.14159,1.62066
1.85841,-1.14159,-1.64159,4.69128
1.85841,-1.14159,-1.14159,6.377
1.85841,-1.14159,-0.641593,4.65968
1.85841,-1.14159,-0.141593,1.57467
1.85841,-1.14159,0.358407,0.0269454
1.85841,-1.14159,0.858407,0.906655
1.85841,-1.14159,1.35841,3.76953
1.85841,-1.14159,1.85841,6.21888
1.85841,-1.14159,2.35841,5.46013
1.85841,-1.14159,2.85841,2.42709
1.85841,-0.641593,-3.14159,1.54881
1.85841,-0.641593,-2.64159,0.441618
1.85841,-0.641593,-2.14159,0.0709281
1.85841,-0.641593,-1.64159,0.711893
1.85841,-0.641593,-1.14159,1.87053
1.85841,-0.641593,-0.641593,2.46053
1.85841,-0.641593,-0.141593,1.84625
1.85841,-0.641593,0.358407,0.672821
1.85841,-0.641593,0.858407,0.0271246
1.85841,-0.641593,1.35841,0.400352
1.85841,-0.641593,1.85841,1.5192
1.85841,-0.641593,2.35841,2.40358
1.85841,-0.641593,2.85841,2.14385
1.85841,-0.141593,-3.14159,0.167757
1.85841,-0.141593,-2.64159,0.129144
1.85841,-0.141593,-2.14159,0.0739634
1.85841,-0.141593,-1.64159,0.054102
1.85841,-0.141593,-1.14159,0.0879801
1.85841,-0.141593,-0.641593,0.144104
1.85841,-0.141593,-0.141593,0.169339
1.85841,-0.141593,0.358407,0.138273
1.85841,-0.141593,0.858407,0.077791
1.85841,-0.141593,1.35841,0.0420566
1.85841,-0.141593,1.85841,0.0629656
1.85841,-0.141593,2.35841,0.121873
1.85841,-0.141593,2.85841,0.166037
1.85841,0.358407,-3.14159,0.730319
1.85841,0.358407,-2.64159,0.804839
1.85841,0.358407,-2.14159,0.529526
1.85841,0.358407,-1.64159,0.165034
1.85841,0.358407,-1.14159,0.0379052
1.85841,0.358407,-0.641593,0.255933
1.85841,0.358407,-0.141593,0.63224
1.85841,0.358407,0.358407,0.823134
1.85841,0.358407,0.858407,0.647608
1.85841,0.358407,1.35841,0.281996
1.85841,0.358407,1.85841,0.0681527
1.85841,0.358407,2.35841,0.192951
1.85841,0.358407,2.85841,0.548533
1.85841,0.858407,-3.14159,1.66458
1.85841,0.858407,-2.64159,3.59259
1.85841,0.858407,-2.14159,4.05638
1.85841,0.858407,-1.64159,2.51153
1.85841,0.858407,-1.14159,0.6335
1.85841,0.858407,-0.641593,0.0310589
1.85841,0.858407,-0.141593,1.08153
1.85841,0.858407,0.358407,3.07761
1.85841,0.858407,0.858407,4.15647
1.85841,0.858407,1.35841,3.11222
1.85841,0.858407,1.85841,1.13437
1.85841,0.858407,2.35841,0.088076
1.85841,0.858407,2.85841,0.688463
1.85841,1.35841,-3.14159,0.315758
1.85841,1.35841,-2.64159,2.84819
1.85841,1.35841,-2.14159,6.4959
1.85841,1.35841,-1.64159,7.41838
1.85841,1.35841,-1.14159,4.45393
1.85841,1.35841,-0.641593,1.05394
1.85841,1.35841,-0.141593,0.0308576
1.85841,1.35841,0.358407,1.83887
1.85841,1.35841,0.858407,5.52663
1.85841,1.35841,1.35841,7.61103
1.85841,1.35841,1.85841,5.56471
1.85841,1.35841,2.35841,1.89251
1.85841,1.35841,2.85841,0.0850331
1.85841,1.85841,-3.14159,0.486413
1.85841,1.85841,-2.64159,0.27945
1.85841,1.85841,-2.14159,2.70106
1.85841,1.85841,-1.64159,6.17199
1.85841,1.85841,-1.14159,7.05377
1.85841,1.85841,-0.641593,4.24757
1.85841,1.85841,-0.141593,1.00843
1.85841,1.85841,0.358407,0.0279045
1.85841,1.85841,0.858407,1.75851
1.85841,1.85841,1.35841,5.26498
1.85841,1.85841,1.85841,7.23399
1.85841,1.85841,2.35841,5.287
1.85841,1.85841,2.85841,1.78888
1.85841,2.35841,-3.14159,1.63524
1.85841,2.35841,-2.64159,0.252474
1.85841,2.35841,-2.14159,0.142447
1.85841,2.35841,-1.64159,1.37661
1.85841,2.35841,-1.14159,3.01035
1.85841,2.35841,-0.641593,3.411
1.85841,2.35841,-0.141593,2.12598
1.85841,2.35841,0.358407,0.534864
1.85841,2.35841,0.858407,0.0170751
1.85841,2.35841,1.35841,0.917323
1.85841,2.35841,1.85841,2.59975
1.85841,2.35841,2.35841,3.49082
1.85841,2.35841,2.85841,2.60453
1.85841,2.85841,-3.14159,0.443525
1.85841,2.85841,-2.64159,0.239063
1.85841,2.85841,-2.14159,0.0380238
1.85841,2.85841,-1.64159,0.0210403
1.85841,2.85841,-1.14159,0.202987
1.85841,2.85841,-0.641593,0.421377
1.85841,2.85841,-0.141593,0.472453
1.85841,2.85841,0.358407,0.307489
1.85841,2.85841,0.858407,0.0832969
1.85841,2.85841,1.35841,0.00412513
1.85841,2.85841,1.85841,0.139584
1.85841,2.85841,2.35841,0.369761
1.85841,2.85841,2.85841,0.482167
2.35841,-3.14159,-3.14159,0.000600395
2.35841,-3.14159,-2.64159,0.000600421
2.35841,-3.14159,-2.14159,0.000600435
2.35841,-3.14159,-1.64159,0.000600429
2.35841,-3.14159,-1.14159,0.000600403
2.35841,-3.14159,-0.641593,0.000600367
2.35841,-3.14159,-0.141593,0.000600333
2.35841,-3.14159,0.358407,0.00060031
2.35841,-3.14159,0.858407,0.000600302
2.35841,-3.14159,1.35841,0.000600308
2.35841,-3.14159,1.85841,0.000600325
2.35841,-3.14159,2.35841,0.000600349
2.35841,-3.14159,2.85841,0.000600378
2.35841,-2.64159,-3.14159,1.1276
2.35841,-2.64159,-2.64159,1.48863
2.35841,-2.64159,-2.14159,1.12914
2.35841,-2.64159,-1.64159,0.415916
2.35841,-2.64159,-1.14159,0.011092
2.35841,-2.64159,-0.641593,0.246297
2.35841,-2.64159,-0.141593,0.933096
2.35841,-2.64159,0.358407,1.45721
2.35841,-2.64159,0.858407,1.29379
2.35841,-2.64159,1.35841,0.610365
2.35841,-2.64159,1.85841,0.0624408
2.35841,-2.64159,2.35841,0.112708
2.35841,-2.64159,2.85841,0.721339
2.35841,-2.14159,-3.14159,1.33768
2.35841,-2.14159,-2.64159,3.88045
2.35841,-2.14159,-2.14159,5.26356
2.35841,-2.14159,-1.64159,3.87576
2.35841,-2.14159,-1.14159,1.33154
2.35841,-2.14159,-0.641593,0.0255448
2.35841,-2.14159,-0.141593,0.771034
2.35841,-2.14159,0.358407,3.148
2.35841,-2.14159,0.858407,5.13859
2.35841,-2.14159,1.35841,4.51046
2.35841,-2.14159,1.85841,2.01083
2.35841,-2.14159,2.35841,0.201066
2.35841,-2.14159,2.85841,0.358938
2.35841,-1.64159,-3.14159,0.0589968
2.35841,-1.64159,-2.64159,1.94523
2.35841,-1.64159,-2.14159,5.80847
2.35841,-1.64159,-1.64159,7.97859
2.35841,-1.64159,-1.14159,5.78772
2.35841,-1.64159,-0.641593,1.91661
2.35841,-1.64159,-0.141593,0.0306404
2.35841,-1.64159,0.358407,1.09646
2.35841,-1.64159,0.858407,4.6595
2.35841,-1.64159,1.35841,7.77808
2.35841,-1.64159,1.85841,6.79319
2.35841,-1.64159,2.35841,2.94726
2.35841,-1.64159,2.85841,0.298976
2.35841,-1.14159,-3.14159,0.95376
2.35841,-1.14159,-2.64159,0.0747018
2.35841,-1.14159,-2.14159,1.62066
2.35841,-1.14159,-1.64159,4.69128
2.35841,-1.14159,-1.14159,6.377
2.35841,-1.14159,-0.641593,4.65968
2.35841,-1.14159,-0.141593,1.57467
2.35841,-1.14159,0.358407,0.0269454
2.35841,-1.14159,0.858407,0.906655
2.35841,-1.14159,1.35841,3.76953
2.35841,-1.14159,1.85841,6.21888
2.35841,-1.14159,2.35841,5.46013
2.35841,-1.14159,2.85841,2.42709
2.35841,-0.641593,-3.14159,1.54881
2.35841,-0.641593,-2.64159,0.441618
2.35841,-0.641593,-2.14159,0.0709281
2.35841,-0.641593,-1.64159,0.711893
2.35841,-0.641593,-1.14159,1.87053
2.35841,-0.641593,-0.641593,2.46053
2.35841,-0.641593,-0.141593,1.84625
2.35841,-0.641593,0.358407,0.672821
2.35841,-0.641593,0.858407,0.0271246
2.35841,-0.641593,1.35841,0.400352
2.35841,-0.641593,1.85841,1.5192
2.35841,-0.641593,2.35841,2.40358
2.35841,-0.641593,2.85841,2.14385
2.35841,-0.141593,-3.14159,0.167757
2.35841,-0.141593,-2.64159,0.129144
2.35841,-0.141593,-2.14159,0.0739634
2.35841,-0.141593,-1.64159,0.054102
2.35841,-0.141593,-1.14159,0.0879801
2.35841,-0.141593,-0.641593,0.144104
2.35841,-0.141593,-0.141593,0.169339
2.35841,-0.141593,0.358407,0.138273
2.35841,-0.141593,0.858407,0.077791
2.35841,-0.141593,1.35841,0.0420566
2.35841,-0.141593,1.85841,0.0629656
2.35841,-0.141593,2.35841,0.121873
2.35841,-0.141593,2.85841,0.166037
2.35841,0.358407,-3.14159,0.730319
2.35841,0.358407,-2.64159,0.804839
2.35841,0.358407,-2.14159,0.529526
2.35841,0.358407,-1.64159,0.165034
2.35841,0.358407,-1.14159,0.0379052
2.35841,0.358407,-0.641593,0.255933
2.35841,0.358407,-0.141593,0.63224
2.35841,0.358407,0.358407,0.823134
2.35841,0.358407,0.858407,0.647608
2.35841,0.358407,1.35841,0.281996
2.35841,0.358407,1.85841,0.0681527
2.35841,0.358407,2.35841,0.192951
2.35841,0.358407,2.85841,0.548533
2.35841,0.858407,-3.14159,1.66458
2.35841,0.858407,-2.64159,3.59259
2.35841,0.858407,-2.14159,4.05638
2.35841,0.858407,-1.64159,2.51153
2.35841,0.858407,-1.14159,0.6335
2.35841,0.858407,-0.641593,0.0310589
2.35841,0.858407,-0.141593,1.08153
2.35841,0.858407,0.358407,3.07761
2.35841,0.858407,0.858407,4.15647
2.35841,0.858407,1.35841,3.11222
2.35841,0.858407,1.85841,1.13437
2.35841,0.858407,2.35841,0.088076
2.35841,0.858407,2.85841,0.688463
2.35841,1.35841,-3.14159,0.315758
2.35841,1.35841,-2.64159,2.84819
2.35841,1.35841,-2.14159,6.4959
2.35841,1.35841,-1.64159,7.41838
2.35841,1.35841,-1.14159,4.45393
2.35841,1.35841,-0.641593,1.05394
2.35841,1.35841,-0.141593,0.0308576
2.35841,1.35841,0.358407,1.83887
2.35841,1.35841,0.858407,5.52663
2.35841,1.35841,1.35841,7.61103
2.35841,1.35841,1.85841,5.56471
2.35841,1.35841,2.35841,1.89251
2.35841,1.35841,2.85841,0.0850331
2.35841,1.85841,-3.14159,0.486413
2.35841,1.85841,-2.64159,0.27945
2.35841,1.85841,-2.14159,2.70106
2.35841,1.85841,-1.64159,6.17199
2.35841,1.85841,-1.14159,7.05377
2.35841,1.85841,-0.641593,4.24757
2.35841,1.85841,-0.141593,1.00843
2.35841,1.85841,0.358407,0.0279045
2.35841,1.85841,0.858407,1.75851
2.35841,1.85841,1.35841,5.26498
2.35841,1.85841,1.85841,7.23399
2.35841,1.85841,2.35841,5.287
2.35841,1.85841,2.85841,1.78888
2.35841,2.35841,-3.14159,1.63524
2.35841,2.35841,-2.64159,0.252474
2.35841,2.35841,-2.14159,0.142447
2.35841,2.35841,-1.64159,1.37661
2.35841,2.35841,-1.14159,3.01035
2.35841,2.35841,-0.641593,3.411
2.35841,2.35841,-0.141593,2.12598
2.35841,2.35841,0.358407,0.534864
2.35841,2.35841,0.858407,0.0170751
2.35841,2.35841,1.35841,0.917323
2.35841,2.35841,1.85841,2.59975
2.35841,2.35841,2.35841,3.49082
2.35841,2.35841,2.85841,2.60453
2.35841,2.85841,-3.14159,0.443525
2.35841,2.85841,-2.64159,0.239063
2.35841,2.85841,-2.14159,0.0380238
2.35841,2.85841,-1.64159,0.0210403
2.35841,2.85841,-1.14159,0.202987
2.35841,2.85841,-0.641593,0.421377
2.35841,2.85841,-0.141593,0.472453
2.35841,2.85841,0.358407,0.307489
2.35841,2.85841,0.858407,0.0832969
2.35841,2.85841,1.35841,0.00412513
2.35841,2.85841,1.85841,0.139584
2.35841,2.85841,2.35841,0.369761
2.35841,2.85841,2.85841,0.482167
2.85841,-3.14159,-3.14159,0.000600395
2.85841,-3.14159,-2.64159,0.000600421
2.85841,-3.14159,-2.14159,0.000600435
2.85841,-3.14159,-1.64159,0.000600429
2.85841,-3.14159,-1.14159,0.000600403
2.85841,-3.14159,-0.641593,0.000600367
2.85841,-3.14159,-0.141593,0.000600333
2.85841,-3.14159,0.358407,0.00060031
2.85841,-3.14159,0.858407,0.000600302
2.85841,-3.14159,1.35841,0.000600308
2.85841,-3.14159,1.85841,0.000600325
2.85841,-3.14159,2.35841,0.000600349
2.85841,-3.14159,2.85841,0.000600378
2.85841,-2.64159,-3.14159,1.1276
2.85841,-2.64159,-2.64159,1.48863
2.85841,-2.64159,-2.14159,1.12914
2.85841,-2.64159,-1.64159,0.415916
2.85841,-2.64159,-1.14159,0.011092
2.85841,-2.64159,-0.641593,0.246297
2.85841,-2.64159,-0.141593,0.933096
2.85841,-2.64159,0.358407,1.45721
2.85841,-2.64159,0.858407,1.29379
2.85841,-2.64159,1.35841,0.610365
2.85841,-2.64159,1.85841,0.0624408
2.85841,-2.64159,2.35841,0.112708
2.85841,-2.64159,2.85841,0.721339
2.85841,-2.14159,-3.14159,1.33768
2.85841,-2.14159,-2.64159,3.88045
2.85841,-2.14159,-2.14159,5.26356
2.85841,-2.14159,-1.64159,3.87576
2.85841,-2.14159,-1.14159,1.33154
2.85841,-2.14159,-0.641593,0.0255448
2.85841,-2.14159,-0.141593,0.771034
2.85841,-2.14159,0.358407,3.148
2.85841,-2.14159,0.858407,5.13859
2.85841,-2.14159,1.35841,4.51046
2.85841,-2.14159,1.85841,2.01083
2.85841,-2.14159,2.35841,0.201066
2.85841,-2.14159,2.85841,0.358938
2.85841,-1.64159,-3.14159,0.0589968
2.85841,-1.64159,-2.64159,1.94523
2.85841,-1.64159,-2.14159,5.80847
2.85841,-1.64159,-1.64159,7.97859
2.85841,-1.64159,-1.14159,5.78772
2.85841,-1.64159,-0.641593,1.91661
2.85841,-1.64159,-0.141593,0.0306404
2.85841,-1.64159,0.358407,1.09646
2.85841,-1.64159,0.858407,4.6595
2.85841,-1.64159,1.35841,7.77808
2.85841,-1.64159,1.85841,6.79319
2.85841,-1.64159,2.35841,2.94726
2.85841,-1.64159,2.85841,0.298976
2.85841,-1.14159,-3.14159,0.95376
2.85841,-1.14159,-2.64159,0.0747018
2.85841,-1.14159,-2.14159,1.62066
2.85841,-1.14159,-1.64159,4.69128
2.85841,-1.14159,-1.14159,6.377
2.85841,-1.14159,-0.641593,4.65968
2.85841,-1.14159,-0.141593,1.57467
2.85841,-1.14159,0.358407,0.0269454
2.85841,-1.14159,0.858407,0.906655
2.85841,-1.14159,1.35841,3.76953
2.85841,-1.14159,1.85841,6.21888
2.85841,-1.14159,2.35841,5.46013
2.85841,-1.14159,2.85841,2.42709
2.85841,-0.641593,-3.14159,1.54881
2.85841,-0.641593,-2.64159,0.441618
2.85841,-0.641593,-2.14159,0.0709281
2.85841,-0.641593,-1.64159,0.711893
2.85841,-0.641593,-1.14159,1.87053
2.85841,-0.641593,-0.641593,2.46053
2.85841,-0.641593,-0.141593,1.84625
2.85841,-0.641593,0.358407,0.672821
2.85841,-0.641593,0.858407,0.0271246
2.85841,-0.641593,1.35841,0.400352
2.85841,-0.641593,1.85841,1.5192
2.85841,-0.641593,2.35841,2.40358
2.85841,-0.641593,2.85841,2.14385
2.85841,-0.141593,-3.14159,0.167757
2.85841,-0.141593,-2.64159,0.129144
2.85841,-0.141593,-2.14159,0.0739634
2.85841,-0.141593,-1.64159,0.054102
2.85841,-0.141593,-1.14159,0.0879801
2.85841,-0.141593,-0.641593,0.144104
2.85841,-0.141593,-0.141593,0.169339
2.85841,-0.141593,0.358407,0.138273
2.85841,-0.141593,0.858407,0.077791
2.85841,-0.141593,1.35841,0.0420566
2.85841,-0.141593,1.85841,0.0629656
2.85841,-0.141593,2.35841,0.121873
2.85841,-0.141593,2.85841,0.166037
2.85841,0.358407,-3.14159,0.730319
2.85841,0.358407,-2.64159,0.804839
2.85841,0.358407,-2.14159,0.529526
2.85841,0.358407,-1.64159,0.165034
2.85841,0.358407,-1.14159,0.0379052
2.85841,0.358407,-0.641593,0.255933
2.85841,0.358407,-0.141593,0.63224
2.85841,0.358407,0.358407,0.823134
2.85841,0.358407,0.858407,0.647608
2.85841,0.358407,1.35841,0.281996
2.85841,0.358407,1.85841,0.0681527
2.85841,0.358407,2.35841,0.192951
2.85841,0.358407,2.85841,0.548533
2.85841,0.858407,-3.14159,1.66458
2.85841,0.858407,-2.64159,3.59259
2.85841,0.858407,-2.14159,4.05638
2.85841,0.858407,-1.64159,2.51153
2.85841,0.858407,-1.14159,0.6335
2.85841,0.858407,-0.641593,0.0310589
2.85841,0.858407,-0.141593,1.08153
2.85841,0.858407,0.358407,3.07761
2.85841,0.858407,0.858407,4.15647
2.85841,0.858407,1.35841,3.11222
2.85841,0.858407,1.85841,1.13437
2.85841,0.858407,2.35841,0.088076
2.85841,0.858407,2.85841,0.688463
2.85841,1.35841,-3.14159,0.315758
2.85841,1.35841,-2.64159,2.84819
2.85841,1.35841,-2.14159,6.4959
2.85841,1.35841,-1.64159,7.41838
2.85841,1.35841,-1.14159,4.45393
2.85841,1.35841,-0.641593,1.05394
2.85841,1.35841,-0.141593,0.0308576
2.85841,1.35841,0.358407,1.83887
2.85841,1.35841,0.858407,5.52663
2.85841,1.35841,1.35841,7.61103
2.85841,1.35841,1.85841,5.56471
2.85841,1.35841,2.35841,1.89251
2.85841,1.35841,2.85841,0.0850331
2.85841,1.85841,-3.14159,0.486413
2.85841,1.85841,-2.64159,0.27945
2.85841,1.85841,-2.14159,2.70106
2.85841,1.85841,-1.64159,6.17199
2.85841,1.85841,-1.14159,7.05377
2.85841,1.85841,-0.641593,4.24757
2.85841,1.85841,-0.141593,1.00843
2.85841,1.85841,0.358407,0.0279045
2.85841,1.85841,0.858407,1.75851
2.85841,1.85841,1.35841,5.26498
2.85841,1.85841,1.85841,7.23399
2.85841,1.85841,2.35841,5.287
2.85841,1.85841,2.85841,1.78888
2.85841,2.35841,-3.14159,1.63524
2.85841,2.35841,-2.64159,0.252474
2.85841,2.35841,-2.14159,0.142447
2.85841,2.35841,-1.64159,1.37661
2.85841,2.35841,-1.14159,3.01035
2.85841,2.35841,-0.641593,3.411
2.85841,2.35841,-0.141593,2.12598
2.85841,2.35841,0.358407,0.534864
2.85841,2.35841,0.858407,0.0170751
2.85841,2.35841,1.35841,0.917323
2.85841,2.35841,1.85841,2.59975
2.85841,2.35841,2.35841,3.49082
2.85841,2.35841,2.85841,2.60453
2.85841,2.85841,-3.14159,0.443525
2.85841,2.85841,-2.64159,0.239063
2.85841,2.85841,-2.14159,0.0380238
2.85841,2.85841,-1.64159,0.0210403
2.85841,2.85841,-1.14159,0.202987
2.85841,2.85841,-0.641593,0.421377
2.85841,2.85841,-0.141593,0.472453
2.85841,2.85841,0.358407,0.307489
2.85841,2.85841,0.858407,0.0832969
2.85841,2.85841,1.35841,0.00412513
2.85841,2.85841,1.85841,0.139584
2.85841,2.85841,2.35841,0.369761
2.85841,2.85841,2.85841,0.482167
